id.horEstacao,id.horDataHora,horQChuva,horChuva,horQNivelAdotado,horNivelAdotado,horQVazao,horVazao
253549130,2020-05-15T18:30:00.000+0000,,,0.0,90.0,,
253549130,2020-05-15T18:45:00.000+0000,,,0.0,90.0,,
253549130,2020-05-15T19:00:00.000+0000,0.0,10.2,0.0,90.0,,
253549130,2020-05-15T19:15:00.000+0000,0.0,0.0,0.0,90.0,,
253549130,2020-05-15T19:30:00.000+0000,0.0,0.0,0.0,90.0,,
253549130,2020-05-15T19:45:00.000+0000,0.0,0.0,0.0,90.0,,
253549130,2020-05-15T20:00:00.000+0000,0.0,0.0,0.0,90.0,,
253549130,2020-05-15T20:15:00.000+0000,0.0,0.0,0.0,90.0,,
253549130,2020-05-15T20:30:00.000+0000,0.0,0.0,0.0,90.0,,
253549130,2020-05-15T20:45:00.000+0000,0.0,0.0,0.0,90.0,,
253549130,2020-05-15T21:00:00.000+0000,0.0,0.0,0.0,90.0,,
253549130,2020-05-15T21:15:00.000+0000,0.0,0.0,0.0,90.0,,
253549130,2020-05-15T21:30:00.000+0000,0.0,0.0,0.0,90.0,,
253549130,2020-05-15T21:45:00.000+0000,0.0,0.0,0.0,90.0,,
253549130,2020-05-15T22:00:00.000+0000,0.0,0.0,0.0,91.0,,
253549130,2020-05-15T22:15:00.000+0000,0.0,0.0,0.0,91.0,,
253549130,2020-05-15T22:30:00.000+0000,0.0,0.0,0.0,91.0,,
253549130,2020-05-15T22:45:00.000+0000,0.0,0.0,0.0,91.0,,
253549130,2020-05-15T23:00:00.000+0000,0.0,0.0,0.0,91.0,,
253549130,2020-05-15T23:15:00.000+0000,0.0,0.0,0.0,91.0,,
253549130,2020-05-15T23:30:00.000+0000,0.0,0.0,0.0,91.0,,
253549130,2020-05-15T23:45:00.000+0000,0.0,0.0,0.0,91.0,,
253549130,2020-05-16T00:00:00.000+0000,0.0,0.0,0.0,91.0,,
253549130,2020-05-16T00:15:00.000+0000,0.0,0.0,0.0,92.0,,
253549130,2020-05-16T00:30:00.000+0000,0.0,0.0,0.0,92.0,,
253549130,2020-05-16T00:45:00.000+0000,0.0,0.0,0.0,92.0,,
253549130,2020-05-16T01:00:00.000+0000,0.0,0.0,0.0,92.0,,
253549130,2020-05-16T01:15:00.000+0000,0.0,0.0,0.0,92.0,,
253549130,2020-05-16T01:30:00.000+0000,0.0,0.0,0.0,92.0,,
253549130,2020-05-16T01:45:00.000+0000,0.0,0.0,0.0,92.0,,
253549130,2020-05-16T02:00:00.000+0000,0.0,0.0,0.0,92.0,,
253549130,2020-05-16T02:15:00.000+0000,0.0,0.0,0.0,92.0,,
253549130,2020-05-16T02:30:00.000+0000,0.0,0.0,0.0,92.0,,
253549130,2020-05-16T02:45:00.000+0000,0.0,0.0,0.0,92.0,,
253549130,2020-05-16T03:00:00.000+0000,0.0,0.0,0.0,92.0,,
253549130,2020-05-16T03:15:00.000+0000,0.0,0.0,0.0,92.0,,
253549130,2020-05-16T03:30:00.000+0000,0.0,0.0,0.0,92.0,,
253549130,2020-05-16T03:45:00.000+0000,0.0,0.0,0.0,92.0,,
253549130,2020-05-16T04:00:00.000+0000,0.0,0.0,0.0,93.0,,
253549130,2020-05-16T04:15:00.000+0000,0.0,0.0,0.0,93.0,,
253549130,2020-05-16T04:30:00.000+0000,0.0,0.0,0.0,92.0,,
253549130,2020-05-16T04:45:00.000+0000,0.0,0.0,0.0,93.0,,
253549130,2020-05-16T05:00:00.000+0000,0.0,0.0,0.0,93.0,,
253549130,2020-05-16T05:15:00.000+0000,0.0,0.0,0.0,93.0,,
253549130,2020-05-16T05:30:00.000+0000,0.0,0.0,0.0,93.0,,
253549130,2020-05-16T05:45:00.000+0000,0.0,0.0,0.0,92.0,,
253549130,2020-05-16T06:00:00.000+0000,0.0,0.0,0.0,92.0,,
253549130,2020-05-16T06:15:00.000+0000,0.0,0.0,0.0,92.0,,
253549130,2020-05-16T06:30:00.000+0000,0.0,0.0,0.0,92.0,,
253549130,2020-05-16T06:45:00.000+0000,0.0,0.0,0.0,92.0,,
253549130,2020-05-16T07:00:00.000+0000,0.0,0.0,0.0,92.0,,
253549130,2020-05-16T07:15:00.000+0000,0.0,0.0,0.0,93.0,,
253549130,2020-05-16T07:30:00.000+0000,0.0,0.0,0.0,93.0,,
253549130,2020-05-16T07:45:00.000+0000,0.0,0.0,0.0,93.0,,
253549130,2020-05-16T08:00:00.000+0000,0.0,0.0,0.0,93.0,,
253549130,2020-05-16T08:15:00.000+0000,0.0,0.0,0.0,93.0,,
253549130,2020-05-16T08:30:00.000+0000,0.0,0.0,0.0,93.0,,
253549130,2020-05-16T08:45:00.000+0000,0.0,0.0,0.0,93.0,,
253549130,2020-05-16T09:00:00.000+0000,0.0,0.0,0.0,93.0,,
253549130,2020-05-16T09:15:00.000+0000,0.0,0.0,0.0,92.0,,
253549130,2020-05-16T09:30:00.000+0000,0.0,0.0,0.0,92.0,,
253549130,2020-05-16T09:45:00.000+0000,0.0,0.0,0.0,92.0,,
253549130,2020-05-16T10:00:00.000+0000,0.0,0.0,0.0,92.0,,
253549130,2020-05-16T10:15:00.000+0000,0.0,0.0,0.0,92.0,,
253549130,2020-05-16T10:30:00.000+0000,0.0,0.0,0.0,92.0,,
253549130,2020-05-16T10:45:00.000+0000,0.0,0.0,0.0,92.0,,
253549130,2020-05-16T11:00:00.000+0000,0.0,0.0,0.0,92.0,,
253549130,2020-05-16T11:15:00.000+0000,0.0,0.0,0.0,92.0,,
253549130,2020-05-16T11:30:00.000+0000,0.0,0.0,0.0,92.0,,
253549130,2020-05-16T11:45:00.000+0000,0.0,0.0,0.0,92.0,,
253549130,2020-05-16T12:00:00.000+0000,0.0,0.0,0.0,92.0,,
253549130,2020-05-16T12:15:00.000+0000,0.0,0.0,0.0,92.0,,
253549130,2020-05-16T12:30:00.000+0000,0.0,0.0,0.0,92.0,,
253549130,2020-05-16T12:45:00.000+0000,0.0,0.0,0.0,92.0,,
253549130,2020-05-16T13:00:00.000+0000,0.0,0.0,0.0,92.0,,
253549130,2020-05-16T13:15:00.000+0000,0.0,0.0,0.0,91.0,,
253549130,2020-05-16T13:30:00.000+0000,0.0,0.0,0.0,91.0,,
253549130,2020-05-16T13:45:00.000+0000,0.0,0.0,0.0,91.0,,
253549130,2020-05-16T14:00:00.000+0000,0.0,0.0,0.0,91.0,,
253549130,2020-05-16T14:15:00.000+0000,0.0,0.0,0.0,91.0,,
253549130,2020-05-16T14:30:00.000+0000,0.0,0.0,0.0,91.0,,
253549130,2020-05-16T14:45:00.000+0000,0.0,0.0,0.0,91.0,,
253549130,2020-05-16T15:00:00.000+0000,0.0,0.0,0.0,90.0,,
253549130,2020-05-16T15:15:00.000+0000,0.0,0.0,0.0,90.0,,
253549130,2020-05-16T15:30:00.000+0000,0.0,0.0,0.0,90.0,,
253549130,2020-05-16T15:45:00.000+0000,0.0,0.0,0.0,90.0,,
253549130,2020-05-16T16:00:00.000+0000,0.0,0.0,0.0,90.0,,
253549130,2020-05-16T16:15:00.000+0000,0.0,0.0,0.0,90.0,,
253549130,2020-05-16T16:30:00.000+0000,0.0,0.0,0.0,90.0,,
253549130,2020-05-16T16:45:00.000+0000,0.0,0.0,0.0,89.0,,
253549130,2020-05-16T17:00:00.000+0000,0.0,0.0,,,,
253549130,2020-05-16T17:15:00.000+0000,0.0,0.0,,,,
253549130,2020-05-16T17:30:00.000+0000,0.0,0.0,,,,
253549130,2020-05-16T17:45:00.000+0000,0.0,0.0,,,,
253549130,2020-05-16T18:00:00.000+0000,0.0,0.0,,,,
253549130,2020-05-16T18:15:00.000+0000,0.0,0.0,,,,
253549130,2020-05-16T18:30:00.000+0000,0.0,0.0,,,,
253549130,2020-05-16T18:45:00.000+0000,0.0,0.0,,,,
253549130,2020-05-16T19:00:00.000+0000,0.0,0.0,,,,
253549130,2020-05-16T19:15:00.000+0000,0.0,0.0,,,,
253549130,2020-05-16T19:30:00.000+0000,0.0,0.0,,,,
253549130,2020-05-16T19:45:00.000+0000,0.0,0.0,,,,
253549130,2020-05-16T20:00:00.000+0000,0.0,0.0,,,,
253549130,2020-05-16T20:15:00.000+0000,0.0,0.0,,,,
253549130,2020-05-16T20:30:00.000+0000,0.0,0.0,,,,
253549130,2020-05-16T20:45:00.000+0000,0.0,0.0,0.0,89.0,,
253549130,2020-05-16T21:00:00.000+0000,0.0,0.0,0.0,90.0,,
253549130,2020-05-16T21:15:00.000+0000,0.0,0.0,0.0,90.0,,
253549130,2020-05-16T21:30:00.000+0000,0.0,0.0,0.0,90.0,,
253549130,2020-05-16T21:45:00.000+0000,0.0,0.0,0.0,91.0,,
253549130,2020-05-16T22:00:00.000+0000,0.0,0.0,0.0,91.0,,
253549130,2020-05-16T22:15:00.000+0000,0.0,0.0,0.0,91.0,,
253549130,2020-05-16T22:30:00.000+0000,0.0,0.0,0.0,91.0,,
253549130,2020-05-16T22:45:00.000+0000,0.0,0.0,0.0,92.0,,
253549130,2020-05-16T23:00:00.000+0000,0.0,0.0,0.0,92.0,,
253549130,2020-05-16T23:15:00.000+0000,0.0,0.0,0.0,92.0,,
253549130,2020-05-16T23:30:00.000+0000,0.0,0.0,0.0,92.0,,
253549130,2020-05-16T23:45:00.000+0000,0.0,0.0,0.0,93.0,,
253549130,2020-05-17T00:00:00.000+0000,0.0,0.0,0.0,93.0,,
253549130,2020-05-17T00:15:00.000+0000,0.0,0.0,0.0,93.0,,
253549130,2020-05-17T00:30:00.000+0000,0.0,0.0,0.0,93.0,,
253549130,2020-05-17T00:45:00.000+0000,0.0,0.0,0.0,93.0,,
253549130,2020-05-17T01:00:00.000+0000,0.0,0.0,0.0,93.0,,
253549130,2020-05-17T01:15:00.000+0000,0.0,0.0,0.0,94.0,,
253549130,2020-05-17T01:30:00.000+0000,0.0,0.0,0.0,94.0,,
253549130,2020-05-17T01:45:00.000+0000,0.0,0.0,0.0,94.0,,
253549130,2020-05-17T02:00:00.000+0000,0.0,0.0,0.0,94.0,,
253549130,2020-05-17T02:15:00.000+0000,0.0,0.0,0.0,94.0,,
253549130,2020-05-17T02:30:00.000+0000,0.0,0.0,0.0,94.0,,
253549130,2020-05-17T02:45:00.000+0000,0.0,0.0,0.0,94.0,,
253549130,2020-05-17T03:00:00.000+0000,0.0,0.0,0.0,94.0,,
253549130,2020-05-17T03:15:00.000+0000,0.0,0.0,0.0,94.0,,
253549130,2020-05-17T03:30:00.000+0000,0.0,0.0,0.0,94.0,,
253549130,2020-05-17T03:45:00.000+0000,0.0,0.0,0.0,94.0,,
253549130,2020-05-17T04:00:00.000+0000,0.0,0.0,0.0,94.0,,
253549130,2020-05-17T04:15:00.000+0000,0.0,0.0,0.0,94.0,,
253549130,2020-05-17T04:30:00.000+0000,0.0,0.0,0.0,95.0,,
253549130,2020-05-17T04:45:00.000+0000,0.0,0.0,0.0,94.0,,
253549130,2020-05-17T05:00:00.000+0000,0.0,0.0,0.0,95.0,,
253549130,2020-05-17T05:15:00.000+0000,0.0,0.0,0.0,95.0,,
253549130,2020-05-17T05:30:00.000+0000,0.0,0.0,0.0,95.0,,
253549130,2020-05-17T05:45:00.000+0000,0.0,0.0,0.0,95.0,,
253549130,2020-05-17T06:00:00.000+0000,0.0,0.0,0.0,95.0,,
253549130,2020-05-17T06:15:00.000+0000,0.0,0.0,0.0,95.0,,
253549130,2020-05-17T06:30:00.000+0000,0.0,0.0,0.0,95.0,,
253549130,2020-05-17T06:45:00.000+0000,0.0,0.0,0.0,95.0,,
253549130,2020-05-17T07:00:00.000+0000,0.0,0.0,0.0,95.0,,
253549130,2020-05-17T07:15:00.000+0000,0.0,0.0,0.0,95.0,,
253549130,2020-05-17T07:30:00.000+0000,0.0,0.0,0.0,95.0,,
253549130,2020-05-17T07:45:00.000+0000,0.0,0.0,0.0,95.0,,
253549130,2020-05-17T08:00:00.000+0000,0.0,0.0,0.0,95.0,,
253549130,2020-05-17T08:15:00.000+0000,0.0,0.0,0.0,95.0,,
253549130,2020-05-17T08:30:00.000+0000,0.0,0.0,0.0,95.0,,
253549130,2020-05-17T08:45:00.000+0000,0.0,0.0,0.0,95.0,,
253549130,2020-05-17T09:00:00.000+0000,0.0,0.0,0.0,95.0,,
253549130,2020-05-17T09:15:00.000+0000,0.0,0.0,0.0,95.0,,
253549130,2020-05-17T09:30:00.000+0000,0.0,0.0,0.0,95.0,,
253549130,2020-05-17T09:45:00.000+0000,0.0,0.0,0.0,95.0,,
253549130,2020-05-17T10:00:00.000+0000,0.0,0.0,0.0,95.0,,
253549130,2020-05-17T10:15:00.000+0000,0.0,0.0,0.0,95.0,,
253549130,2020-05-17T10:30:00.000+0000,0.0,0.0,0.0,95.0,,
253549130,2020-05-17T10:45:00.000+0000,0.0,0.0,0.0,95.0,,
253549130,2020-05-17T11:00:00.000+0000,0.0,0.0,0.0,95.0,,
253549130,2020-05-17T11:15:00.000+0000,0.0,0.0,0.0,95.0,,
253549130,2020-05-17T11:30:00.000+0000,0.0,0.0,0.0,95.0,,
253549130,2020-05-17T11:45:00.000+0000,0.0,0.0,0.0,95.0,,
253549130,2020-05-17T12:00:00.000+0000,0.0,0.0,0.0,95.0,,
253549130,2020-05-17T12:15:00.000+0000,0.0,0.0,0.0,95.0,,
253549130,2020-05-17T12:30:00.000+0000,0.0,0.0,0.0,95.0,,
253549130,2020-05-17T12:45:00.000+0000,0.0,0.0,0.0,95.0,,
253549130,2020-05-17T13:00:00.000+0000,0.0,0.2,0.0,95.0,,
253549130,2020-05-17T13:15:00.000+0000,0.0,0.0,0.0,95.0,,
253549130,2020-05-17T13:30:00.000+0000,0.0,0.0,0.0,95.0,,
253549130,2020-05-17T13:45:00.000+0000,0.0,0.0,0.0,94.0,,
253549130,2020-05-17T14:00:00.000+0000,0.0,0.0,0.0,94.0,,
253549130,2020-05-17T14:15:00.000+0000,0.0,0.0,0.0,94.0,,
253549130,2020-05-17T14:30:00.000+0000,0.0,0.0,0.0,94.0,,
253549130,2020-05-17T14:45:00.000+0000,0.0,0.0,0.0,94.0,,
253549130,2020-05-17T15:00:00.000+0000,0.0,0.0,0.0,94.0,,
253549130,2020-05-17T15:15:00.000+0000,0.0,0.0,0.0,93.0,,
253549130,2020-05-17T15:30:00.000+0000,0.0,0.0,0.0,93.0,,
253549130,2020-05-17T15:45:00.000+0000,0.0,0.0,0.0,92.0,,
253549130,2020-05-17T16:00:00.000+0000,0.0,0.0,0.0,92.0,,
253549130,2020-05-17T16:15:00.000+0000,0.0,0.0,0.0,91.0,,
253549130,2020-05-17T16:30:00.000+0000,0.0,0.0,0.0,91.0,,
253549130,2020-05-17T16:45:00.000+0000,0.0,0.0,0.0,90.0,,
253549130,2020-05-17T17:00:00.000+0000,0.0,0.0,0.0,90.0,,
253549130,2020-05-17T17:15:00.000+0000,0.0,0.0,0.0,89.0,,
253549130,2020-05-17T17:30:00.000+0000,0.0,0.0,,,,
253549130,2020-05-17T17:45:00.000+0000,0.0,0.0,,,,
253549130,2020-05-17T18:00:00.000+0000,0.0,0.0,,,,
253549130,2020-05-17T18:15:00.000+0000,0.0,0.0,,,,
253549130,2020-05-17T18:30:00.000+0000,0.0,0.0,,,,
253549130,2020-05-17T18:45:00.000+0000,0.0,0.0,,,,
253549130,2020-05-17T19:00:00.000+0000,0.0,0.0,,,,
253549130,2020-05-17T19:15:00.000+0000,0.0,0.0,,,,
253549130,2020-05-17T19:30:00.000+0000,0.0,0.0,,,,
253549130,2020-05-17T19:45:00.000+0000,0.0,0.0,,,,
253549130,2020-05-17T20:00:00.000+0000,0.0,0.0,,,,
253549130,2020-05-17T20:15:00.000+0000,0.0,0.0,,,,
253549130,2020-05-17T20:30:00.000+0000,0.0,0.0,,,,
253549130,2020-05-17T20:45:00.000+0000,0.0,0.0,0.0,89.0,,
253549130,2020-05-17T21:00:00.000+0000,0.0,0.0,0.0,90.0,,
253549130,2020-05-17T21:15:00.000+0000,0.0,0.0,0.0,90.0,,
253549130,2020-05-17T21:30:00.000+0000,0.0,0.0,0.0,90.0,,
253549130,2020-05-17T21:45:00.000+0000,0.0,0.0,0.0,91.0,,
253549130,2020-05-17T22:00:00.000+0000,0.0,0.0,0.0,91.0,,
253549130,2020-05-17T22:15:00.000+0000,0.0,0.0,0.0,91.0,,
253549130,2020-05-17T22:30:00.000+0000,0.0,0.0,0.0,91.0,,
253549130,2020-05-17T22:45:00.000+0000,0.0,0.0,0.0,92.0,,
253549130,2020-05-17T23:00:00.000+0000,0.0,0.0,0.0,92.0,,
253549130,2020-05-17T23:15:00.000+0000,0.0,0.0,0.0,92.0,,
253549130,2020-05-17T23:30:00.000+0000,0.0,0.0,0.0,92.0,,
253549130,2020-05-17T23:45:00.000+0000,0.0,0.0,0.0,92.0,,
253549130,2020-05-18T00:00:00.000+0000,0.0,0.0,0.0,93.0,,
253549130,2020-05-18T00:15:00.000+0000,0.0,0.0,0.0,93.0,,
253549130,2020-05-18T00:30:00.000+0000,0.0,0.0,0.0,93.0,,
253549130,2020-05-18T00:45:00.000+0000,0.0,0.0,0.0,93.0,,
253549130,2020-05-18T01:00:00.000+0000,0.0,0.0,0.0,93.0,,
253549130,2020-05-18T01:15:00.000+0000,0.0,0.0,0.0,93.0,,
253549130,2020-05-18T01:30:00.000+0000,0.0,0.0,0.0,93.0,,
253549130,2020-05-18T01:45:00.000+0000,0.0,0.0,0.0,93.0,,
253549130,2020-05-18T02:00:00.000+0000,0.0,0.0,0.0,93.0,,
253549130,2020-05-18T02:15:00.000+0000,0.0,0.0,0.0,93.0,,
253549130,2020-05-18T02:30:00.000+0000,0.0,0.0,0.0,93.0,,
253549130,2020-05-18T02:45:00.000+0000,0.0,0.0,0.0,93.0,,
253549130,2020-05-18T03:00:00.000+0000,0.0,0.0,0.0,93.0,,
253549130,2020-05-18T03:15:00.000+0000,0.0,0.0,0.0,94.0,,
253549130,2020-05-18T03:30:00.000+0000,0.0,0.0,0.0,94.0,,
253549130,2020-05-18T03:45:00.000+0000,0.0,0.0,0.0,94.0,,
253549130,2020-05-18T04:00:00.000+0000,0.0,0.0,0.0,94.0,,
253549130,2020-05-18T04:15:00.000+0000,0.0,0.0,0.0,94.0,,
253549130,2020-05-18T04:30:00.000+0000,0.0,0.0,0.0,94.0,,
253549130,2020-05-18T04:45:00.000+0000,0.0,0.0,0.0,94.0,,
253549130,2020-05-18T05:00:00.000+0000,0.0,0.0,0.0,94.0,,
253549130,2020-05-18T05:15:00.000+0000,0.0,0.0,0.0,94.0,,
253549130,2020-05-18T05:30:00.000+0000,0.0,0.0,0.0,95.0,,
253549130,2020-05-18T05:45:00.000+0000,0.0,0.0,0.0,95.0,,
253549130,2020-05-18T06:00:00.000+0000,0.0,0.0,0.0,95.0,,
253549130,2020-05-18T06:15:00.000+0000,0.0,0.0,0.0,95.0,,
253549130,2020-05-18T06:30:00.000+0000,0.0,0.0,0.0,95.0,,
253549130,2020-05-18T06:45:00.000+0000,0.0,0.0,0.0,95.0,,
253549130,2020-05-18T07:00:00.000+0000,0.0,0.0,0.0,95.0,,
253549130,2020-05-18T07:15:00.000+0000,0.0,0.0,0.0,95.0,,
253549130,2020-05-18T07:30:00.000+0000,0.0,0.0,0.0,95.0,,
253549130,2020-05-18T07:45:00.000+0000,0.0,0.0,0.0,95.0,,
253549130,2020-05-18T08:00:00.000+0000,0.0,0.0,0.0,95.0,,
253549130,2020-05-18T08:15:00.000+0000,0.0,0.0,0.0,95.0,,
253549130,2020-05-18T08:30:00.000+0000,0.0,0.0,0.0,95.0,,
253549130,2020-05-18T08:45:00.000+0000,0.0,0.0,0.0,95.0,,
253549130,2020-05-18T09:00:00.000+0000,0.0,0.0,0.0,95.0,,
253549130,2020-05-18T09:15:00.000+0000,0.0,0.0,0.0,96.0,,
253549130,2020-05-18T09:30:00.000+0000,0.0,0.0,0.0,96.0,,
253549130,2020-05-18T09:45:00.000+0000,0.0,0.0,0.0,95.0,,
253549130,2020-05-18T10:00:00.000+0000,0.0,0.0,0.0,95.0,,
253549130,2020-05-18T10:15:00.000+0000,0.0,0.0,0.0,96.0,,
253549130,2020-05-18T10:30:00.000+0000,0.0,0.0,0.0,96.0,,
253549130,2020-05-18T10:45:00.000+0000,0.0,0.0,0.0,96.0,,
253549130,2020-05-18T11:00:00.000+0000,0.0,0.0,0.0,96.0,,
253549130,2020-05-18T11:15:00.000+0000,0.0,0.0,0.0,96.0,,
253549130,2020-05-18T11:30:00.000+0000,0.0,0.0,0.0,96.0,,
253549130,2020-05-18T11:45:00.000+0000,0.0,0.0,0.0,96.0,,
253549130,2020-05-18T12:00:00.000+0000,0.0,0.0,0.0,96.0,,
253549130,2020-05-18T12:15:00.000+0000,0.0,0.0,0.0,96.0,,
253549130,2020-05-18T12:30:00.000+0000,0.0,0.0,0.0,96.0,,
253549130,2020-05-18T12:45:00.000+0000,0.0,0.0,0.0,96.0,,
253549130,2020-05-18T13:00:00.000+0000,0.0,0.0,0.0,96.0,,
253549130,2020-05-18T13:15:00.000+0000,0.0,0.0,0.0,96.0,,
253549130,2020-05-18T13:30:00.000+0000,0.0,0.0,0.0,96.0,,
253549130,2020-05-18T13:45:00.000+0000,0.0,0.0,0.0,95.0,,
253549130,2020-05-18T14:00:00.000+0000,0.0,0.0,0.0,95.0,,
253549130,2020-05-18T14:15:00.000+0000,0.0,0.0,0.0,95.0,,
253549130,2020-05-18T14:30:00.000+0000,0.0,0.0,0.0,94.0,,
253549130,2020-05-18T14:45:00.000+0000,0.0,0.0,0.0,94.0,,
253549130,2020-05-18T15:00:00.000+0000,0.0,0.0,0.0,93.0,,
253549130,2020-05-18T15:15:00.000+0000,0.0,0.0,0.0,93.0,,
253549130,2020-05-18T15:30:00.000+0000,0.0,0.0,0.0,93.0,,
253549130,2020-05-18T15:45:00.000+0000,0.0,0.0,0.0,93.0,,
253549130,2020-05-18T16:00:00.000+0000,0.0,0.0,0.0,92.0,,
253549130,2020-05-18T16:15:00.000+0000,0.0,0.0,0.0,91.0,,
253549130,2020-05-18T16:30:00.000+0000,0.0,0.0,0.0,91.0,,
253549130,2020-05-18T16:45:00.000+0000,0.0,0.0,0.0,90.0,,
253549130,2020-05-18T17:00:00.000+0000,0.0,0.0,0.0,90.0,,
253549130,2020-05-18T17:15:00.000+0000,0.0,0.0,,,,
253549130,2020-05-18T17:30:00.000+0000,0.0,0.0,,,,
253549130,2020-05-18T17:45:00.000+0000,0.0,0.0,,,,
253549130,2020-05-18T18:00:00.000+0000,0.0,0.0,,,,
253549130,2020-05-18T18:15:00.000+0000,0.0,0.0,,,,
253549130,2020-05-18T18:30:00.000+0000,0.0,0.0,,,,
253549130,2020-05-18T18:45:00.000+0000,0.0,0.0,,,,
253549130,2020-05-18T19:00:00.000+0000,0.0,0.0,,,,
253549130,2020-05-18T19:15:00.000+0000,0.0,0.0,,,,
253549130,2020-05-18T19:30:00.000+0000,0.0,0.0,,,,
253549130,2020-05-18T19:45:00.000+0000,0.0,0.0,,,,
253549130,2020-05-18T20:00:00.000+0000,0.0,0.0,,,,
253549130,2020-05-18T20:15:00.000+0000,0.0,0.0,,,,
253549130,2020-05-18T20:30:00.000+0000,0.0,0.0,0.0,89.0,,
253549130,2020-05-18T20:45:00.000+0000,0.0,0.0,0.0,90.0,,
253549130,2020-05-18T21:00:00.000+0000,0.0,0.0,0.0,90.0,,
253549130,2020-05-18T21:15:00.000+0000,0.0,0.0,0.0,90.0,,
253549130,2020-05-18T21:30:00.000+0000,0.0,0.0,0.0,91.0,,
253549130,2020-05-18T21:45:00.000+0000,0.0,0.0,0.0,91.0,,
253549130,2020-05-18T22:00:00.000+0000,0.0,0.0,0.0,91.0,,
253549130,2020-05-18T22:15:00.000+0000,0.0,0.0,0.0,91.0,,
253549130,2020-05-18T22:30:00.000+0000,0.0,0.0,0.0,91.0,,
253549130,2020-05-18T22:45:00.000+0000,0.0,0.0,0.0,91.0,,
253549130,2020-05-18T23:00:00.000+0000,0.0,0.0,0.0,92.0,,
253549130,2020-05-18T23:15:00.000+0000,0.0,0.0,0.0,92.0,,
253549130,2020-05-18T23:30:00.000+0000,0.0,0.0,0.0,92.0,,
253549130,2020-05-18T23:45:00.000+0000,0.0,0.0,0.0,92.0,,
253549130,2020-05-19T00:00:00.000+0000,0.0,0.0,0.0,92.0,,
253549130,2020-05-19T00:15:00.000+0000,0.0,0.0,0.0,92.0,,
253549130,2020-05-19T00:30:00.000+0000,0.0,0.0,0.0,92.0,,
253549130,2020-05-19T00:45:00.000+0000,0.0,0.0,0.0,92.0,,
253549130,2020-05-19T01:00:00.000+0000,0.0,0.0,0.0,92.0,,
253549130,2020-05-19T01:15:00.000+0000,0.0,0.0,0.0,92.0,,
253549130,2020-05-19T01:30:00.000+0000,0.0,0.0,0.0,92.0,,
253549130,2020-05-19T01:45:00.000+0000,0.0,0.0,0.0,92.0,,
253549130,2020-05-19T02:00:00.000+0000,0.0,0.0,0.0,92.0,,
253549130,2020-05-19T02:15:00.000+0000,0.0,0.0,0.0,92.0,,
253549130,2020-05-19T02:30:00.000+0000,0.0,0.0,0.0,92.0,,
253549130,2020-05-19T02:45:00.000+0000,0.0,0.0,0.0,92.0,,
253549130,2020-05-19T03:00:00.000+0000,0.0,0.0,0.0,92.0,,
253549130,2020-05-19T03:15:00.000+0000,0.0,0.0,0.0,93.0,,
253549130,2020-05-19T03:30:00.000+0000,0.0,0.0,0.0,93.0,,
253549130,2020-05-19T03:45:00.000+0000,0.0,0.0,0.0,93.0,,
253549130,2020-05-19T04:00:00.000+0000,0.0,0.0,0.0,93.0,,
253549130,2020-05-19T04:15:00.000+0000,0.0,0.0,0.0,94.0,,
253549130,2020-05-19T04:30:00.000+0000,0.0,0.0,0.0,94.0,,
253549130,2020-05-19T04:45:00.000+0000,0.0,0.0,0.0,94.0,,
253549130,2020-05-19T05:00:00.000+0000,0.0,0.0,0.0,94.0,,
253549130,2020-05-19T05:15:00.000+0000,0.0,0.0,0.0,94.0,,
253549130,2020-05-19T05:30:00.000+0000,0.0,0.0,0.0,94.0,,
253549130,2020-05-19T05:45:00.000+0000,0.0,0.0,0.0,95.0,,
253549130,2020-05-19T06:00:00.000+0000,0.0,0.0,0.0,95.0,,
253549130,2020-05-19T06:15:00.000+0000,0.0,0.0,0.0,95.0,,
253549130,2020-05-19T06:30:00.000+0000,0.0,0.0,0.0,95.0,,
253549130,2020-05-19T06:45:00.000+0000,0.0,0.0,0.0,95.0,,
253549130,2020-05-19T07:00:00.000+0000,0.0,0.0,0.0,95.0,,
253549130,2020-05-19T07:15:00.000+0000,0.0,0.0,0.0,95.0,,
253549130,2020-05-19T07:30:00.000+0000,0.0,0.0,0.0,95.0,,
253549130,2020-05-19T07:45:00.000+0000,0.0,0.0,0.0,94.0,,
253549130,2020-05-19T08:00:00.000+0000,0.0,0.0,0.0,94.0,,
253549130,2020-05-19T08:15:00.000+0000,0.0,0.0,0.0,94.0,,
253549130,2020-05-19T08:30:00.000+0000,0.0,0.0,0.0,95.0,,
253549130,2020-05-19T08:45:00.000+0000,0.0,0.0,0.0,95.0,,
253549130,2020-05-19T09:00:00.000+0000,0.0,0.0,0.0,94.0,,
253549130,2020-05-19T09:15:00.000+0000,0.0,0.0,0.0,94.0,,
253549130,2020-05-19T09:30:00.000+0000,0.0,0.0,0.0,94.0,,
253549130,2020-05-19T09:45:00.000+0000,0.0,0.0,0.0,95.0,,
253549130,2020-05-19T10:00:00.000+0000,0.0,0.0,0.0,95.0,,
253549130,2020-05-19T10:15:00.000+0000,0.0,0.0,0.0,95.0,,
253549130,2020-05-19T10:30:00.000+0000,0.0,0.0,0.0,95.0,,
253549130,2020-05-19T10:45:00.000+0000,0.0,0.0,0.0,95.0,,
253549130,2020-05-19T11:00:00.000+0000,0.0,0.0,0.0,95.0,,
253549130,2020-05-19T11:15:00.000+0000,0.0,0.0,0.0,95.0,,
253549130,2020-05-19T11:30:00.000+0000,0.0,0.0,0.0,95.0,,
253549130,2020-05-19T11:45:00.000+0000,0.0,0.0,0.0,95.0,,
253549130,2020-05-19T12:00:00.000+0000,0.0,0.0,0.0,95.0,,
253549130,2020-05-19T12:15:00.000+0000,0.0,0.0,0.0,95.0,,
253549130,2020-05-19T12:30:00.000+0000,0.0,0.0,0.0,95.0,,
253549130,2020-05-19T12:45:00.000+0000,0.0,0.0,0.0,95.0,,
253549130,2020-05-19T13:00:00.000+0000,0.0,0.0,0.0,95.0,,
253549130,2020-05-19T13:15:00.000+0000,0.0,0.0,0.0,95.0,,
253549130,2020-05-19T13:30:00.000+0000,0.0,0.0,0.0,94.0,,
253549130,2020-05-19T13:45:00.000+0000,0.0,0.0,0.0,94.0,,
253549130,2020-05-19T14:00:00.000+0000,0.0,0.0,0.0,94.0,,
253549130,2020-05-19T14:15:00.000+0000,0.0,0.0,0.0,93.0,,
253549130,2020-05-19T14:30:00.000+0000,0.0,0.0,0.0,93.0,,
253549130,2020-05-19T14:45:00.000+0000,0.0,0.0,0.0,93.0,,
253549130,2020-05-19T15:00:00.000+0000,0.0,0.0,0.0,92.0,,
253549130,2020-05-19T15:15:00.000+0000,0.0,0.0,0.0,92.0,,
253549130,2020-05-19T15:30:00.000+0000,0.0,0.0,0.0,92.0,,
253549130,2020-05-19T15:45:00.000+0000,0.0,0.0,0.0,92.0,,
253549130,2020-05-19T16:00:00.000+0000,0.0,0.0,0.0,91.0,,
253549130,2020-05-19T16:15:00.000+0000,0.0,0.0,0.0,91.0,,
253549130,2020-05-19T16:30:00.000+0000,0.0,0.2,0.0,90.0,,
253549130,2020-05-19T16:45:00.000+0000,0.0,0.0,0.0,90.0,,
253549130,2020-05-19T17:00:00.000+0000,0.0,0.0,0.0,89.0,,
253549130,2020-05-19T17:15:00.000+0000,0.0,0.0,,,,
253549130,2020-05-19T17:30:00.000+0000,0.0,0.0,,,,
253549130,2020-05-19T17:45:00.000+0000,0.0,0.0,,,,
253549130,2020-05-19T18:00:00.000+0000,0.0,0.0,,,,
253549130,2020-05-19T18:15:00.000+0000,0.0,0.0,,,,
253549130,2020-05-19T18:30:00.000+0000,0.0,0.0,,,,
253549130,2020-05-19T18:45:00.000+0000,0.0,0.0,,,,
253549130,2020-05-19T19:00:00.000+0000,0.0,0.0,,,,
253549130,2020-05-19T19:15:00.000+0000,0.0,0.0,,,,
253549130,2020-05-19T19:30:00.000+0000,0.0,0.0,,,,
253549130,2020-05-19T19:45:00.000+0000,0.0,0.0,,,,
253549130,2020-05-19T20:00:00.000+0000,0.0,0.0,,,,
253549130,2020-05-19T20:15:00.000+0000,0.0,0.0,,,,
253549130,2020-05-19T20:30:00.000+0000,0.0,0.0,,,,
253549130,2020-05-19T20:45:00.000+0000,0.0,0.0,,,,
253549130,2020-05-19T21:00:00.000+0000,0.0,0.0,0.0,89.0,,
253549130,2020-05-19T21:15:00.000+0000,0.0,0.0,0.0,89.0,,
253549130,2020-05-19T21:30:00.000+0000,0.0,0.0,0.0,90.0,,
253549130,2020-05-19T21:45:00.000+0000,0.0,0.0,0.0,90.0,,
253549130,2020-05-19T22:00:00.000+0000,0.0,0.0,0.0,90.0,,
253549130,2020-05-19T22:15:00.000+0000,0.0,0.0,0.0,90.0,,
253549130,2020-05-19T22:30:00.000+0000,0.0,0.0,0.0,90.0,,
253549130,2020-05-19T22:45:00.000+0000,0.0,0.0,0.0,91.0,,
253549130,2020-05-19T23:00:00.000+0000,0.0,0.0,0.0,91.0,,
253549130,2020-05-19T23:15:00.000+0000,0.0,0.0,0.0,91.0,,
253549130,2020-05-19T23:30:00.000+0000,0.0,0.0,0.0,91.0,,
253549130,2020-05-19T23:45:00.000+0000,0.0,0.0,0.0,92.0,,
253549130,2020-05-20T00:00:00.000+0000,0.0,0.0,0.0,92.0,,
253549130,2020-05-20T00:15:00.000+0000,0.0,0.0,0.0,92.0,,
253549130,2020-05-20T00:30:00.000+0000,0.0,0.0,0.0,92.0,,
253549130,2020-05-20T00:45:00.000+0000,0.0,0.0,0.0,92.0,,
253549130,2020-05-20T01:00:00.000+0000,0.0,0.0,0.0,92.0,,
253549130,2020-05-20T01:15:00.000+0000,0.0,0.0,0.0,92.0,,
253549130,2020-05-20T01:30:00.000+0000,0.0,0.0,0.0,92.0,,
253549130,2020-05-20T01:45:00.000+0000,0.0,0.0,0.0,92.0,,
253549130,2020-05-20T02:00:00.000+0000,0.0,0.0,0.0,92.0,,
253549130,2020-05-20T02:15:00.000+0000,0.0,0.0,0.0,92.0,,
253549130,2020-05-20T02:30:00.000+0000,0.0,0.0,0.0,92.0,,
253549130,2020-05-20T02:45:00.000+0000,0.0,0.0,0.0,92.0,,
253549130,2020-05-20T03:00:00.000+0000,0.0,0.0,0.0,92.0,,
253549130,2020-05-20T03:00:00.000+0000,0.0,0.0,0.0,92.0,,
253549130,2020-05-20T03:15:00.000+0000,0.0,0.0,0.0,92.0,,
253549130,2020-05-20T03:30:00.000+0000,0.0,0.0,0.0,92.0,,
253549130,2020-05-20T03:45:00.000+0000,0.0,0.0,0.0,92.0,,
253549130,2020-05-20T04:00:00.000+0000,0.0,0.0,0.0,93.0,,
253549130,2020-05-20T04:15:00.000+0000,0.0,0.0,0.0,93.0,,
253549130,2020-05-20T04:30:00.000+0000,0.0,0.0,0.0,93.0,,
253549130,2020-05-20T04:45:00.000+0000,0.0,0.0,0.0,93.0,,
253549130,2020-05-20T05:00:00.000+0000,0.0,0.0,0.0,93.0,,
253549130,2020-05-20T05:15:00.000+0000,0.0,0.0,0.0,93.0,,
253549130,2020-05-20T05:30:00.000+0000,0.0,0.0,0.0,93.0,,
253549130,2020-05-20T05:45:00.000+0000,0.0,0.0,0.0,93.0,,
253549130,2020-05-20T06:00:00.000+0000,0.0,0.0,0.0,93.0,,
253549130,2020-05-20T06:15:00.000+0000,0.0,0.0,0.0,93.0,,
253549130,2020-05-20T06:30:00.000+0000,0.0,0.0,0.0,94.0,,
253549130,2020-05-20T06:45:00.000+0000,0.0,0.0,0.0,94.0,,
253549130,2020-05-20T07:00:00.000+0000,0.0,0.0,0.0,94.0,,
253549130,2020-05-20T07:15:00.000+0000,0.0,0.0,0.0,94.0,,
253549130,2020-05-20T07:30:00.000+0000,0.0,0.0,0.0,94.0,,
253549130,2020-05-20T07:45:00.000+0000,0.0,0.0,0.0,94.0,,
253549130,2020-05-20T08:00:00.000+0000,0.0,0.0,0.0,94.0,,
253549130,2020-05-20T08:15:00.000+0000,0.0,0.0,0.0,94.0,,
253549130,2020-05-20T08:30:00.000+0000,0.0,0.0,0.0,94.0,,
253549130,2020-05-20T08:45:00.000+0000,0.0,0.0,0.0,94.0,,
253549130,2020-05-20T09:00:00.000+0000,0.0,0.0,0.0,94.0,,
253549130,2020-05-20T09:15:00.000+0000,0.0,0.0,0.0,94.0,,
253549130,2020-05-20T09:30:00.000+0000,0.0,0.0,0.0,94.0,,
253549130,2020-05-20T09:45:00.000+0000,0.0,0.0,0.0,94.0,,
253549130,2020-05-20T10:00:00.000+0000,0.0,0.0,0.0,94.0,,
253549130,2020-05-20T10:15:00.000+0000,0.0,0.0,0.0,94.0,,
253549130,2020-05-20T10:30:00.000+0000,0.0,0.0,0.0,94.0,,
253549130,2020-05-20T10:45:00.000+0000,0.0,0.0,0.0,94.0,,
253549130,2020-05-20T11:00:00.000+0000,0.0,0.0,0.0,94.0,,
253549130,2020-05-20T11:15:00.000+0000,0.0,0.0,0.0,94.0,,
253549130,2020-05-20T11:30:00.000+0000,0.0,0.0,0.0,94.0,,
253549130,2020-05-20T11:45:00.000+0000,0.0,0.0,0.0,94.0,,
253549130,2020-05-20T12:00:00.000+0000,0.0,0.0,0.0,93.0,,
253549130,2020-05-20T12:15:00.000+0000,0.0,0.0,0.0,93.0,,
253549130,2020-05-20T12:30:00.000+0000,0.0,0.0,0.0,93.0,,
253549130,2020-05-20T12:45:00.000+0000,0.0,0.0,0.0,92.0,,
253549130,2020-05-20T13:00:00.000+0000,0.0,0.0,0.0,92.0,,
253549130,2020-05-20T13:15:00.000+0000,0.0,0.0,0.0,92.0,,
253549130,2020-05-20T13:30:00.000+0000,0.0,0.0,0.0,92.0,,
253549130,2020-05-20T13:45:00.000+0000,0.0,0.0,0.0,92.0,,
253549130,2020-05-20T14:00:00.000+0000,0.0,0.0,0.0,92.0,,
253549130,2020-05-20T14:15:00.000+0000,0.0,0.0,0.0,91.0,,
253549130,2020-05-20T14:30:00.000+0000,0.0,0.0,0.0,91.0,,
253549130,2020-05-20T14:45:00.000+0000,0.0,0.0,0.0,91.0,,
253549130,2020-05-20T15:00:00.000+0000,0.0,0.0,0.0,90.0,,
253549130,2020-05-20T15:15:00.000+0000,0.0,0.0,0.0,90.0,,
253549130,2020-05-20T15:30:00.000+0000,0.0,0.0,0.0,90.0,,
253549130,2020-05-20T15:45:00.000+0000,0.0,0.0,0.0,90.0,,
253549130,2020-05-20T16:00:00.000+0000,0.0,0.0,0.0,90.0,,
253549130,2020-05-20T16:15:00.000+0000,0.0,0.0,0.0,89.0,,
253549130,2020-05-20T16:30:00.000+0000,0.0,0.0,,,,
253549130,2020-05-20T16:45:00.000+0000,0.0,0.0,,,,
253549130,2020-05-20T17:00:00.000+0000,0.0,0.0,,,,
253549130,2020-05-20T17:15:00.000+0000,0.0,0.0,,,,
253549130,2020-05-20T17:30:00.000+0000,0.0,0.0,,,,
253549130,2020-05-20T17:45:00.000+0000,0.0,0.0,,,,
253549130,2020-05-20T18:00:00.000+0000,0.0,0.0,,,,
253549130,2020-05-20T18:15:00.000+0000,0.0,0.0,,,,
253549130,2020-05-20T18:30:00.000+0000,0.0,0.0,,,,
253549130,2020-05-20T18:45:00.000+0000,0.0,0.0,,,,
253549130,2020-05-20T19:00:00.000+0000,0.0,0.0,,,,
253549130,2020-05-20T19:15:00.000+0000,0.0,0.0,,,,
253549130,2020-05-20T19:30:00.000+0000,0.0,0.0,,,,
253549130,2020-05-20T19:45:00.000+0000,0.0,0.0,,,,
253549130,2020-05-20T20:00:00.000+0000,0.0,0.0,,,,
253549130,2020-05-20T20:15:00.000+0000,0.0,0.0,,,,
253549130,2020-05-20T20:30:00.000+0000,0.0,0.0,,,,
253549130,2020-05-20T20:45:00.000+0000,0.0,0.0,,,,
253549130,2020-05-20T21:00:00.000+0000,0.0,0.0,,,,
253549130,2020-05-20T21:15:00.000+0000,0.0,0.0,,,,
253549130,2020-05-20T21:30:00.000+0000,0.0,0.0,,,,
253549130,2020-05-20T21:45:00.000+0000,0.0,0.0,,,,
253549130,2020-05-20T22:00:00.000+0000,0.0,0.0,,,,
253549130,2020-05-20T22:15:00.000+0000,0.0,0.0,0.0,89.0,,
253549130,2020-05-20T22:30:00.000+0000,0.0,0.0,0.0,89.0,,
253549130,2020-05-20T22:45:00.000+0000,0.0,0.0,0.0,89.0,,
253549130,2020-05-20T23:00:00.000+0000,0.0,0.0,0.0,90.0,,
253549130,2020-05-20T23:15:00.000+0000,0.0,0.0,0.0,90.0,,
253549130,2020-05-20T23:30:00.000+0000,0.0,0.0,0.0,90.0,,
253549130,2020-05-20T23:45:00.000+0000,0.0,0.0,0.0,90.0,,
253549130,2020-05-21T00:00:00.000+0000,0.0,0.0,0.0,90.0,,
253549130,2020-05-21T00:15:00.000+0000,0.0,0.0,0.0,90.0,,
253549130,2020-05-21T00:30:00.000+0000,0.0,0.0,0.0,91.0,,
253549130,2020-05-21T00:45:00.000+0000,0.0,0.0,0.0,91.0,,
253549130,2020-05-21T01:00:00.000+0000,0.0,0.0,0.0,91.0,,
253549130,2020-05-21T01:15:00.000+0000,0.0,0.0,0.0,91.0,,
253549130,2020-05-21T01:30:00.000+0000,0.0,0.0,0.0,91.0,,
253549130,2020-05-21T01:45:00.000+0000,0.0,0.0,0.0,90.0,,
253549130,2020-05-21T02:00:00.000+0000,0.0,0.0,0.0,90.0,,
253549130,2020-05-21T02:15:00.000+0000,0.0,0.0,0.0,90.0,,
253549130,2020-05-21T02:30:00.000+0000,0.0,0.0,0.0,90.0,,
253549130,2020-05-21T02:45:00.000+0000,0.0,0.0,0.0,90.0,,
253549130,2020-05-21T03:00:00.000+0000,0.0,0.0,0.0,90.0,,
253549130,2020-05-21T03:15:00.000+0000,0.0,0.0,0.0,90.0,,
253549130,2020-05-21T03:30:00.000+0000,0.0,0.0,0.0,91.0,,
253549130,2020-05-21T03:45:00.000+0000,0.0,0.0,0.0,91.0,,
253549130,2020-05-21T04:00:00.000+0000,0.0,0.0,0.0,91.0,,
253549130,2020-05-21T04:15:00.000+0000,0.0,0.0,0.0,91.0,,
253549130,2020-05-21T04:30:00.000+0000,0.0,0.0,0.0,91.0,,
253549130,2020-05-21T04:45:00.000+0000,0.0,0.0,0.0,91.0,,
253549130,2020-05-21T05:00:00.000+0000,0.0,0.0,0.0,91.0,,
253549130,2020-05-21T05:15:00.000+0000,0.0,0.0,0.0,91.0,,
253549130,2020-05-21T05:30:00.000+0000,0.0,0.0,0.0,91.0,,
253549130,2020-05-21T05:45:00.000+0000,0.0,0.0,0.0,91.0,,
253549130,2020-05-21T06:00:00.000+0000,0.0,0.0,0.0,91.0,,
253549130,2020-05-21T06:15:00.000+0000,0.0,0.0,0.0,91.0,,
253549130,2020-05-21T06:30:00.000+0000,0.0,0.0,0.0,91.0,,
253549130,2020-05-21T06:45:00.000+0000,0.0,0.0,0.0,91.0,,
253549130,2020-05-21T07:00:00.000+0000,0.0,0.0,0.0,92.0,,
253549130,2020-05-21T07:15:00.000+0000,0.0,0.0,0.0,92.0,,
253549130,2020-05-21T07:30:00.000+0000,0.0,0.0,0.0,92.0,,
253549130,2020-05-21T07:45:00.000+0000,0.0,0.0,0.0,92.0,,
253549130,2020-05-21T08:00:00.000+0000,0.0,0.0,0.0,92.0,,
253549130,2020-05-21T08:15:00.000+0000,0.0,0.0,0.0,91.0,,
253549130,2020-05-21T08:30:00.000+0000,0.0,0.0,0.0,91.0,,
253549130,2020-05-21T08:45:00.000+0000,0.0,0.0,0.0,91.0,,
253549130,2020-05-21T09:00:00.000+0000,0.0,0.0,0.0,91.0,,
253549130,2020-05-21T09:15:00.000+0000,0.0,0.0,0.0,91.0,,
253549130,2020-05-21T09:30:00.000+0000,0.0,0.0,0.0,91.0,,
253549130,2020-05-21T09:45:00.000+0000,0.0,0.0,0.0,91.0,,
253549130,2020-05-21T10:00:00.000+0000,0.0,0.0,0.0,91.0,,
253549130,2020-05-21T10:15:00.000+0000,0.0,0.0,0.0,91.0,,
253549130,2020-05-21T10:30:00.000+0000,0.0,0.0,0.0,91.0,,
253549130,2020-05-21T10:45:00.000+0000,0.0,0.0,0.0,91.0,,
253549130,2020-05-21T11:00:00.000+0000,0.0,0.0,0.0,91.0,,
253549130,2020-05-21T11:15:00.000+0000,0.0,0.0,0.0,91.0,,
253549130,2020-05-21T11:30:00.000+0000,0.0,0.0,0.0,91.0,,
253549130,2020-05-21T11:45:00.000+0000,0.0,0.0,0.0,91.0,,
253549130,2020-05-21T12:00:00.000+0000,0.0,0.0,0.0,91.0,,
253549130,2020-05-21T12:15:00.000+0000,0.0,0.0,0.0,91.0,,
253549130,2020-05-21T12:30:00.000+0000,0.0,0.0,0.0,91.0,,
253549130,2020-05-21T12:45:00.000+0000,0.0,0.0,0.0,91.0,,
253549130,2020-05-21T13:00:00.000+0000,0.0,0.0,0.0,91.0,,
253549130,2020-05-21T13:15:00.000+0000,0.0,0.0,0.0,91.0,,
253549130,2020-05-21T13:30:00.000+0000,0.0,0.0,0.0,91.0,,
253549130,2020-05-21T13:45:00.000+0000,0.0,0.0,0.0,91.0,,
253549130,2020-05-21T14:00:00.000+0000,0.0,0.0,0.0,91.0,,
253549130,2020-05-21T14:15:00.000+0000,0.0,0.0,0.0,91.0,,
253549130,2020-05-21T14:30:00.000+0000,0.0,0.0,0.0,91.0,,
253549130,2020-05-21T14:45:00.000+0000,0.0,0.0,0.0,91.0,,
253549130,2020-05-21T15:00:00.000+0000,0.0,0.0,0.0,90.0,,
253549130,2020-05-21T15:15:00.000+0000,0.0,0.0,0.0,90.0,,
253549130,2020-05-21T15:30:00.000+0000,0.0,0.0,0.0,90.0,,
253549130,2020-05-21T15:45:00.000+0000,0.0,0.0,0.0,90.0,,
253549130,2020-05-21T16:00:00.000+0000,0.0,0.0,0.0,90.0,,
253549130,2020-05-21T16:15:00.000+0000,0.0,0.0,0.0,89.0,,
253549130,2020-05-21T16:30:00.000+0000,0.0,0.0,0.0,89.0,,
253549130,2020-05-21T16:45:00.000+0000,0.0,0.0,,,,
253549130,2020-05-21T17:00:00.000+0000,0.0,0.0,,,,
253549130,2020-05-21T17:15:00.000+0000,0.0,0.0,,,,
253549130,2020-05-21T17:30:00.000+0000,0.0,0.0,,,,
253549130,2020-05-21T17:45:00.000+0000,0.0,0.0,,,,
253549130,2020-05-21T18:00:00.000+0000,0.0,0.0,,,,
253549130,2020-05-21T18:15:00.000+0000,0.0,0.0,,,,
253549130,2020-05-21T18:30:00.000+0000,0.0,0.0,,,,
253549130,2020-05-21T18:45:00.000+0000,0.0,0.0,,,,
253549130,2020-05-21T19:00:00.000+0000,0.0,0.0,,,,
253549130,2020-05-21T19:15:00.000+0000,0.0,0.0,,,,
253549130,2020-05-21T19:30:00.000+0000,0.0,0.0,,,,
253549130,2020-05-21T19:45:00.000+0000,0.0,0.0,,,,
253549130,2020-05-21T20:00:00.000+0000,0.0,0.0,,,,
253549130,2020-05-21T20:15:00.000+0000,0.0,0.0,,,,
253549130,2020-05-21T20:30:00.000+0000,0.0,0.0,,,,
253549130,2020-05-21T20:45:00.000+0000,0.0,0.0,,,,
253549130,2020-05-21T21:00:00.000+0000,0.0,0.0,,,,
253549130,2020-05-21T21:15:00.000+0000,0.0,0.0,,,,
253549130,2020-05-21T21:30:00.000+0000,0.0,0.0,,,,
253549130,2020-05-21T21:45:00.000+0000,0.0,0.0,,,,
253549130,2020-05-21T22:00:00.000+0000,0.0,0.0,,,,
253549130,2020-05-21T22:15:00.000+0000,0.0,0.0,,,,
253549130,2020-05-21T22:30:00.000+0000,0.0,0.0,,,,
253549130,2020-05-21T22:45:00.000+0000,0.0,0.0,,,,
253549130,2020-05-21T23:00:00.000+0000,0.0,0.0,0.0,89.0,,
253549130,2020-05-21T23:15:00.000+0000,0.0,0.0,0.0,89.0,,
253549130,2020-05-21T23:30:00.000+0000,0.0,0.0,0.0,90.0,,
253549130,2020-05-21T23:45:00.000+0000,0.0,0.0,0.0,90.0,,
253549130,2020-05-22T00:00:00.000+0000,0.0,0.0,0.0,90.0,,
253549130,2020-05-22T00:15:00.000+0000,0.0,0.0,0.0,90.0,,
253549130,2020-05-22T00:30:00.000+0000,0.0,0.0,0.0,90.0,,
253549130,2020-05-22T00:45:00.000+0000,0.0,0.0,0.0,90.0,,
253549130,2020-05-22T01:00:00.000+0000,0.0,0.0,0.0,90.0,,
253549130,2020-05-22T01:15:00.000+0000,0.0,0.0,0.0,91.0,,
253549130,2020-05-22T01:30:00.000+0000,0.0,0.0,0.0,91.0,,
253549130,2020-05-22T01:45:00.000+0000,0.0,0.0,0.0,91.0,,
253549130,2020-05-22T02:00:00.000+0000,0.0,0.0,0.0,91.0,,
253549130,2020-05-22T02:15:00.000+0000,0.0,0.0,0.0,91.0,,
253549130,2020-05-22T02:30:00.000+0000,0.0,0.0,0.0,91.0,,
253549130,2020-05-22T02:45:00.000+0000,0.0,0.0,0.0,91.0,,
253549130,2020-05-22T03:00:00.000+0000,0.0,0.0,0.0,91.0,,
253549130,2020-05-22T03:15:00.000+0000,0.0,0.0,0.0,91.0,,
253549130,2020-05-22T03:30:00.000+0000,0.0,0.0,0.0,91.0,,
253549130,2020-05-22T03:45:00.000+0000,0.0,0.0,0.0,91.0,,
253549130,2020-05-22T04:00:00.000+0000,0.0,0.0,0.0,91.0,,
253549130,2020-05-22T04:15:00.000+0000,0.0,0.0,0.0,91.0,,
253549130,2020-05-22T04:30:00.000+0000,0.0,0.0,0.0,91.0,,
253549130,2020-05-22T04:45:00.000+0000,0.0,0.0,0.0,91.0,,
253549130,2020-05-22T05:00:00.000+0000,0.0,0.0,0.0,91.0,,
253549130,2020-05-22T05:15:00.000+0000,0.0,0.0,0.0,91.0,,
253549130,2020-05-22T05:30:00.000+0000,0.0,0.0,0.0,91.0,,
253549130,2020-05-22T05:45:00.000+0000,0.0,0.0,0.0,91.0,,
253549130,2020-05-22T06:00:00.000+0000,0.0,0.0,0.0,91.0,,
253549130,2020-05-22T06:15:00.000+0000,0.0,0.0,0.0,91.0,,
253549130,2020-05-22T06:30:00.000+0000,0.0,0.0,0.0,91.0,,
253549130,2020-05-22T06:45:00.000+0000,0.0,0.0,0.0,91.0,,
253549130,2020-05-22T07:00:00.000+0000,0.0,0.0,0.0,91.0,,
253549130,2020-05-22T07:15:00.000+0000,0.0,0.0,0.0,91.0,,
253549130,2020-05-22T07:30:00.000+0000,0.0,0.0,0.0,91.0,,
253549130,2020-05-22T07:45:00.000+0000,0.0,0.0,0.0,91.0,,
253549130,2020-05-22T08:00:00.000+0000,0.0,0.0,0.0,91.0,,
253549130,2020-05-22T08:15:00.000+0000,0.0,0.0,0.0,91.0,,
253549130,2020-05-22T08:30:00.000+0000,0.0,0.0,0.0,91.0,,
253549130,2020-05-22T08:45:00.000+0000,0.0,0.0,0.0,91.0,,
253549130,2020-05-22T09:00:00.000+0000,0.0,0.0,0.0,91.0,,
253549130,2020-05-22T09:15:00.000+0000,0.0,0.0,0.0,91.0,,
253549130,2020-05-22T09:30:00.000+0000,0.0,0.0,0.0,91.0,,
253549130,2020-05-22T09:45:00.000+0000,0.0,0.0,0.0,91.0,,
253549130,2020-05-22T10:00:00.000+0000,0.0,0.0,0.0,91.0,,
253549130,2020-05-22T10:15:00.000+0000,0.0,0.0,0.0,91.0,,
253549130,2020-05-22T10:30:00.000+0000,0.0,0.0,0.0,91.0,,
253549130,2020-05-22T10:45:00.000+0000,0.0,0.0,0.0,91.0,,
253549130,2020-05-22T11:00:00.000+0000,0.0,0.0,0.0,91.0,,
253549130,2020-05-22T11:15:00.000+0000,0.0,0.0,0.0,91.0,,
253549130,2020-05-22T11:30:00.000+0000,0.0,0.0,0.0,91.0,,
253549130,2020-05-22T11:45:00.000+0000,0.0,0.0,0.0,91.0,,
253549130,2020-05-22T12:00:00.000+0000,0.0,0.0,0.0,91.0,,
253549130,2020-05-22T12:15:00.000+0000,0.0,0.0,0.0,91.0,,
253549130,2020-05-22T12:30:00.000+0000,0.0,0.0,0.0,91.0,,
253549130,2020-05-22T12:45:00.000+0000,0.0,0.0,0.0,91.0,,
253549130,2020-05-22T13:00:00.000+0000,0.0,0.0,0.0,91.0,,
253549130,2020-05-22T13:15:00.000+0000,0.0,0.0,0.0,91.0,,
253549130,2020-05-22T13:30:00.000+0000,0.0,0.0,0.0,91.0,,
253549130,2020-05-22T13:45:00.000+0000,0.0,0.0,0.0,90.0,,
253549130,2020-05-22T14:00:00.000+0000,0.0,0.0,0.0,90.0,,
253549130,2020-05-22T14:15:00.000+0000,0.0,0.0,0.0,90.0,,
253549130,2020-05-22T14:30:00.000+0000,0.0,0.0,0.0,90.0,,
253549130,2020-05-22T14:45:00.000+0000,0.0,0.0,0.0,90.0,,
253549130,2020-05-22T15:00:00.000+0000,0.0,0.0,0.0,90.0,,
253549130,2020-05-22T15:15:00.000+0000,0.0,0.0,0.0,89.0,,
253549130,2020-05-22T15:30:00.000+0000,0.0,0.0,0.0,89.0,,
253549130,2020-05-22T15:45:00.000+0000,0.0,0.0,0.0,89.0,,
253549130,2020-05-22T16:00:00.000+0000,0.0,0.0,,,,
253549130,2020-05-22T16:15:00.000+0000,0.0,0.0,0.0,89.0,,
253549130,2020-05-22T16:30:00.000+0000,0.0,0.0,0.0,89.0,,
253549130,2020-05-22T16:45:00.000+0000,0.0,0.0,,,,
253549130,2020-05-22T17:00:00.000+0000,0.0,0.0,,,,
253549130,2020-05-22T17:15:00.000+0000,0.0,0.0,,,,
253549130,2020-05-22T17:30:00.000+0000,0.0,0.0,,,,
253549130,2020-05-22T17:45:00.000+0000,0.0,0.0,,,,
253549130,2020-05-22T18:00:00.000+0000,0.0,0.0,,,,
253549130,2020-05-22T18:15:00.000+0000,0.0,0.0,,,,
253549130,2020-05-22T18:30:00.000+0000,0.0,0.0,0.0,89.0,,
253549130,2020-05-22T18:45:00.000+0000,0.0,0.2,,,,
253549130,2020-05-22T19:00:00.000+0000,0.0,0.0,0.0,89.0,,
253549130,2020-05-22T19:15:00.000+0000,0.0,0.2,0.0,89.0,,
253549130,2020-05-22T19:30:00.000+0000,0.0,0.6,0.0,89.0,,
253549130,2020-05-22T19:45:00.000+0000,0.0,0.8,0.0,89.0,,
253549130,2020-05-22T20:00:00.000+0000,0.0,0.4,0.0,89.0,,
253549130,2020-05-22T20:15:00.000+0000,0.0,0.4,0.0,90.0,,
253549130,2020-05-22T20:30:00.000+0000,0.0,0.6,0.0,90.0,,
253549130,2020-05-22T20:45:00.000+0000,0.0,0.2,0.0,90.0,,
253549130,2020-05-22T21:00:00.000+0000,0.0,0.2,0.0,90.0,,
253549130,2020-05-22T21:15:00.000+0000,0.0,0.4,0.0,90.0,,
253549130,2020-05-22T21:30:00.000+0000,0.0,0.2,0.0,90.0,,
253549130,2020-05-22T21:45:00.000+0000,0.0,0.2,0.0,90.0,,
253549130,2020-05-22T22:00:00.000+0000,0.0,0.2,0.0,90.0,,
253549130,2020-05-22T22:15:00.000+0000,0.0,0.4,0.0,90.0,,
253549130,2020-05-22T22:30:00.000+0000,0.0,0.2,0.0,90.0,,
253549130,2020-05-22T22:45:00.000+0000,0.0,0.4,0.0,90.0,,
253549130,2020-05-22T23:00:00.000+0000,0.0,0.2,0.0,90.0,,
253549130,2020-05-22T23:15:00.000+0000,0.0,0.0,0.0,90.0,,
253549130,2020-05-22T23:30:00.000+0000,0.0,0.2,0.0,90.0,,
253549130,2020-05-22T23:45:00.000+0000,0.0,0.0,0.0,90.0,,
253549130,2020-05-23T00:00:00.000+0000,0.0,0.2,0.0,90.0,,
253549130,2020-05-23T00:15:00.000+0000,0.0,0.0,0.0,90.0,,
253549130,2020-05-23T00:30:00.000+0000,0.0,0.0,0.0,90.0,,
253549130,2020-05-23T00:45:00.000+0000,0.0,0.0,0.0,90.0,,
253549130,2020-05-23T01:00:00.000+0000,0.0,0.0,0.0,90.0,,
253549130,2020-05-23T01:15:00.000+0000,0.0,0.0,0.0,90.0,,
253549130,2020-05-23T01:30:00.000+0000,0.0,0.0,0.0,90.0,,
253549130,2020-05-23T01:45:00.000+0000,0.0,0.2,0.0,90.0,,
253549130,2020-05-23T02:00:00.000+0000,0.0,0.2,0.0,90.0,,
253549130,2020-05-23T02:15:00.000+0000,0.0,0.4,0.0,90.0,,
253549130,2020-05-23T02:30:00.000+0000,0.0,0.2,0.0,90.0,,
253549130,2020-05-23T02:45:00.000+0000,0.0,0.0,0.0,90.0,,
253549130,2020-05-23T03:00:00.000+0000,0.0,0.2,0.0,90.0,,
253549130,2020-05-23T03:15:00.000+0000,0.0,0.4,0.0,90.0,,
253549130,2020-05-23T03:30:00.000+0000,0.0,0.4,0.0,90.0,,
253549130,2020-05-23T03:45:00.000+0000,0.0,0.0,0.0,90.0,,
253549130,2020-05-23T04:00:00.000+0000,0.0,0.2,0.0,90.0,,
253549130,2020-05-23T04:15:00.000+0000,0.0,0.0,0.0,90.0,,
253549130,2020-05-23T04:30:00.000+0000,0.0,0.0,0.0,90.0,,
253549130,2020-05-23T04:45:00.000+0000,0.0,0.0,0.0,90.0,,
253549130,2020-05-23T05:00:00.000+0000,0.0,0.0,0.0,90.0,,
253549130,2020-05-23T05:15:00.000+0000,0.0,0.0,0.0,90.0,,
253549130,2020-05-23T05:30:00.000+0000,0.0,0.0,0.0,90.0,,
253549130,2020-05-23T05:45:00.000+0000,0.0,0.0,0.0,90.0,,
253549130,2020-05-23T06:00:00.000+0000,0.0,0.0,0.0,90.0,,
253549130,2020-05-23T06:15:00.000+0000,0.0,0.0,0.0,90.0,,
253549130,2020-05-23T06:30:00.000+0000,0.0,0.0,0.0,90.0,,
253549130,2020-05-23T06:45:00.000+0000,0.0,0.0,0.0,90.0,,
253549130,2020-05-23T07:00:00.000+0000,0.0,0.0,0.0,90.0,,
253549130,2020-05-23T07:15:00.000+0000,0.0,0.0,0.0,90.0,,
253549130,2020-05-23T07:30:00.000+0000,0.0,0.0,0.0,91.0,,
253549130,2020-05-23T07:45:00.000+0000,0.0,0.0,0.0,90.0,,
253549130,2020-05-23T08:00:00.000+0000,0.0,0.0,0.0,91.0,,
253549130,2020-05-23T08:15:00.000+0000,0.0,0.0,0.0,91.0,,
253549130,2020-05-23T08:30:00.000+0000,0.0,0.0,0.0,91.0,,
253549130,2020-05-23T08:45:00.000+0000,0.0,0.0,0.0,90.0,,
253549130,2020-05-23T09:00:00.000+0000,0.0,0.0,0.0,90.0,,
253549130,2020-05-23T09:15:00.000+0000,0.0,0.0,0.0,90.0,,
253549130,2020-05-23T09:30:00.000+0000,0.0,0.0,0.0,90.0,,
253549130,2020-05-23T09:45:00.000+0000,0.0,0.0,0.0,90.0,,
253549130,2020-05-23T10:00:00.000+0000,0.0,0.0,0.0,90.0,,
253549130,2020-05-23T10:15:00.000+0000,0.0,0.0,0.0,90.0,,
253549130,2020-05-23T10:30:00.000+0000,0.0,0.0,0.0,90.0,,
253549130,2020-05-23T10:45:00.000+0000,0.0,0.0,0.0,90.0,,
253549130,2020-05-23T11:00:00.000+0000,0.0,0.0,0.0,90.0,,
253549130,2020-05-23T11:15:00.000+0000,0.0,0.0,0.0,90.0,,
253549130,2020-05-23T11:30:00.000+0000,0.0,0.0,0.0,90.0,,
253549130,2020-05-23T11:45:00.000+0000,0.0,0.0,0.0,90.0,,
253549130,2020-05-23T12:00:00.000+0000,0.0,0.0,0.0,90.0,,
253549130,2020-05-23T12:15:00.000+0000,0.0,0.0,0.0,90.0,,
253549130,2020-05-23T12:30:00.000+0000,0.0,0.0,0.0,90.0,,
253549130,2020-05-23T12:45:00.000+0000,0.0,0.0,0.0,90.0,,
253549130,2020-05-23T13:00:00.000+0000,0.0,0.0,0.0,90.0,,
253549130,2020-05-23T13:15:00.000+0000,0.0,0.0,0.0,90.0,,
253549130,2020-05-23T13:30:00.000+0000,0.0,0.0,0.0,90.0,,
253549130,2020-05-23T13:45:00.000+0000,0.0,0.0,0.0,90.0,,
253549130,2020-05-23T14:00:00.000+0000,0.0,0.0,0.0,90.0,,
253549130,2020-05-23T14:15:00.000+0000,0.0,0.0,0.0,90.0,,
253549130,2020-05-23T14:30:00.000+0000,0.0,0.0,0.0,89.0,,
253549130,2020-05-23T14:45:00.000+0000,0.0,0.0,0.0,89.0,,
253549130,2020-05-23T15:00:00.000+0000,0.0,0.0,0.0,89.0,,
253549130,2020-05-23T15:15:00.000+0000,0.0,0.0,0.0,89.0,,
253549130,2020-05-23T15:30:00.000+0000,0.0,0.2,0.0,90.0,,
253549130,2020-05-23T15:45:00.000+0000,0.0,0.0,0.0,90.0,,
253549130,2020-05-23T16:00:00.000+0000,0.0,0.0,0.0,90.0,,
253549130,2020-05-23T16:15:00.000+0000,0.0,0.0,0.0,90.0,,
253549130,2020-05-23T16:30:00.000+0000,0.0,0.0,0.0,90.0,,
253549130,2020-05-23T16:45:00.000+0000,0.0,0.0,0.0,90.0,,
253549130,2020-05-23T17:00:00.000+0000,0.0,0.0,0.0,90.0,,
253549130,2020-05-23T17:15:00.000+0000,0.0,0.0,0.0,90.0,,
253549130,2020-05-23T17:30:00.000+0000,0.0,0.0,0.0,90.0,,
253549130,2020-05-23T17:45:00.000+0000,0.0,0.0,0.0,90.0,,
253549130,2020-05-23T18:00:00.000+0000,0.0,0.0,0.0,89.0,,
253549130,2020-05-23T18:15:00.000+0000,0.0,0.0,0.0,89.0,,
253549130,2020-05-23T18:30:00.000+0000,0.0,0.0,0.0,90.0,,
253549130,2020-05-23T18:45:00.000+0000,0.0,0.0,0.0,89.0,,
253549130,2020-05-23T19:00:00.000+0000,0.0,0.0,0.0,90.0,,
253549130,2020-05-23T19:15:00.000+0000,0.0,0.0,0.0,91.0,,
253549130,2020-05-23T19:30:00.000+0000,0.0,0.0,0.0,90.0,,
253549130,2020-05-23T19:45:00.000+0000,0.0,0.0,0.0,89.0,,
253549130,2020-05-23T20:00:00.000+0000,0.0,0.0,0.0,90.0,,
253549130,2020-05-23T20:15:00.000+0000,0.0,0.0,0.0,91.0,,
253549130,2020-05-23T20:30:00.000+0000,0.0,0.0,0.0,91.0,,
253549130,2020-05-23T20:45:00.000+0000,0.0,0.0,0.0,91.0,,
253549130,2020-05-23T21:00:00.000+0000,0.0,0.0,0.0,91.0,,
253549130,2020-05-23T21:15:00.000+0000,0.0,0.0,0.0,91.0,,
253549130,2020-05-23T21:30:00.000+0000,0.0,0.0,0.0,92.0,,
253549130,2020-05-23T21:45:00.000+0000,0.0,0.0,0.0,91.0,,
253549130,2020-05-23T22:00:00.000+0000,0.0,0.0,0.0,92.0,,
253549130,2020-05-23T22:15:00.000+0000,0.0,0.0,0.0,92.0,,
253549130,2020-05-23T22:30:00.000+0000,0.0,0.0,0.0,92.0,,
253549130,2020-05-23T22:45:00.000+0000,0.0,0.0,0.0,92.0,,
253549130,2020-05-23T23:00:00.000+0000,0.0,0.0,0.0,92.0,,
253549130,2020-05-23T23:15:00.000+0000,0.0,0.0,0.0,92.0,,
253549130,2020-05-23T23:30:00.000+0000,0.0,0.0,0.0,92.0,,
253549130,2020-05-23T23:45:00.000+0000,0.0,0.0,0.0,92.0,,
253549130,2020-05-24T00:00:00.000+0000,0.0,0.0,0.0,92.0,,
253549130,2020-05-24T00:15:00.000+0000,0.0,0.0,0.0,92.0,,
253549130,2020-05-24T00:30:00.000+0000,0.0,0.0,0.0,93.0,,
253549130,2020-05-24T00:45:00.000+0000,0.0,0.0,0.0,93.0,,
253549130,2020-05-24T01:00:00.000+0000,0.0,0.0,0.0,93.0,,
253549130,2020-05-24T01:15:00.000+0000,0.0,0.0,0.0,93.0,,
253549130,2020-05-24T01:30:00.000+0000,0.0,0.0,0.0,93.0,,
253549130,2020-05-24T01:45:00.000+0000,0.0,0.0,0.0,93.0,,
253549130,2020-05-24T02:00:00.000+0000,0.0,0.0,0.0,93.0,,
253549130,2020-05-24T02:15:00.000+0000,0.0,0.0,0.0,93.0,,
253549130,2020-05-24T02:30:00.000+0000,0.0,0.0,0.0,93.0,,
253549130,2020-05-24T02:45:00.000+0000,0.0,0.0,0.0,93.0,,
253549130,2020-05-24T03:00:00.000+0000,0.0,0.0,0.0,93.0,,
253549130,2020-05-24T03:15:00.000+0000,0.0,0.0,0.0,93.0,,
253549130,2020-05-24T03:30:00.000+0000,0.0,0.0,0.0,93.0,,
253549130,2020-05-24T03:45:00.000+0000,0.0,0.0,0.0,93.0,,
253549130,2020-05-24T04:00:00.000+0000,0.0,0.0,0.0,93.0,,
253549130,2020-05-24T04:15:00.000+0000,0.0,0.0,0.0,93.0,,
253549130,2020-05-24T04:30:00.000+0000,0.0,0.0,0.0,94.0,,
253549130,2020-05-24T04:45:00.000+0000,0.0,0.0,0.0,94.0,,
253549130,2020-05-24T05:00:00.000+0000,0.0,0.0,0.0,94.0,,
253549130,2020-05-24T05:15:00.000+0000,0.0,0.0,0.0,94.0,,
253549130,2020-05-24T05:30:00.000+0000,0.0,0.0,0.0,94.0,,
253549130,2020-05-24T05:45:00.000+0000,0.0,0.0,0.0,94.0,,
253549130,2020-05-24T06:00:00.000+0000,0.0,0.0,0.0,94.0,,
253549130,2020-05-24T06:15:00.000+0000,0.0,0.0,0.0,94.0,,
253549130,2020-05-24T06:30:00.000+0000,0.0,0.0,0.0,94.0,,
253549130,2020-05-24T06:45:00.000+0000,0.0,0.0,0.0,94.0,,
253549130,2020-05-24T07:00:00.000+0000,0.0,0.0,0.0,94.0,,
253549130,2020-05-24T07:15:00.000+0000,0.0,0.0,0.0,94.0,,
253549130,2020-05-24T07:30:00.000+0000,0.0,0.0,0.0,93.0,,
253549130,2020-05-24T07:45:00.000+0000,0.0,0.0,0.0,93.0,,
253549130,2020-05-24T08:00:00.000+0000,0.0,0.0,0.0,93.0,,
253549130,2020-05-24T08:15:00.000+0000,0.0,0.0,0.0,93.0,,
253549130,2020-05-24T08:30:00.000+0000,0.0,0.0,0.0,94.0,,
253549130,2020-05-24T08:45:00.000+0000,0.0,0.0,0.0,93.0,,
253549130,2020-05-24T09:00:00.000+0000,0.0,0.0,0.0,93.0,,
253549130,2020-05-24T09:15:00.000+0000,0.0,0.0,0.0,93.0,,
253549130,2020-05-24T09:30:00.000+0000,0.0,0.0,0.0,94.0,,
253549130,2020-05-24T09:45:00.000+0000,0.0,0.0,0.0,93.0,,
253549130,2020-05-24T10:00:00.000+0000,0.0,0.0,0.0,93.0,,
253549130,2020-05-24T10:15:00.000+0000,0.0,0.0,0.0,94.0,,
253549130,2020-05-24T10:30:00.000+0000,0.0,0.0,0.0,94.0,,
253549130,2020-05-24T10:45:00.000+0000,0.0,0.0,0.0,94.0,,
253549130,2020-05-24T11:00:00.000+0000,0.0,0.0,0.0,94.0,,
253549130,2020-05-24T11:15:00.000+0000,0.0,0.0,0.0,94.0,,
253549130,2020-05-24T11:30:00.000+0000,0.0,0.0,0.0,94.0,,
253549130,2020-05-24T11:45:00.000+0000,0.0,0.0,0.0,94.0,,
253549130,2020-05-24T12:00:00.000+0000,0.0,0.0,0.0,94.0,,
253549130,2020-05-24T12:15:00.000+0000,0.0,0.0,0.0,94.0,,
253549130,2020-05-24T12:30:00.000+0000,0.0,0.0,0.0,93.0,,
253549130,2020-05-24T12:45:00.000+0000,0.0,0.0,0.0,93.0,,
253549130,2020-05-24T13:00:00.000+0000,0.0,0.0,0.0,93.0,,
253549130,2020-05-24T13:15:00.000+0000,0.0,0.0,0.0,93.0,,
253549130,2020-05-24T13:30:00.000+0000,0.0,0.0,0.0,93.0,,
253549130,2020-05-24T13:45:00.000+0000,0.0,0.0,0.0,93.0,,
253549130,2020-05-24T14:00:00.000+0000,0.0,0.0,0.0,93.0,,
253549130,2020-05-24T14:15:00.000+0000,0.0,0.0,0.0,93.0,,
253549130,2020-05-24T14:30:00.000+0000,0.0,0.0,0.0,93.0,,
253549130,2020-05-24T14:45:00.000+0000,0.0,0.0,0.0,93.0,,
253549130,2020-05-24T15:00:00.000+0000,0.0,0.0,0.0,93.0,,
253549130,2020-05-24T15:15:00.000+0000,0.0,0.0,0.0,92.0,,
253549130,2020-05-24T15:30:00.000+0000,0.0,0.0,0.0,92.0,,
253549130,2020-05-24T15:45:00.000+0000,0.0,0.0,0.0,92.0,,
253549130,2020-05-24T16:00:00.000+0000,0.0,0.0,0.0,92.0,,
253549130,2020-05-24T16:15:00.000+0000,0.0,0.0,0.0,91.0,,
253549130,2020-05-24T16:30:00.000+0000,0.0,0.0,0.0,91.0,,
253549130,2020-05-24T16:45:00.000+0000,0.0,0.0,0.0,91.0,,
253549130,2020-05-24T17:00:00.000+0000,0.0,0.0,0.0,91.0,,
253549130,2020-05-24T17:15:00.000+0000,0.0,0.0,0.0,90.0,,
253549130,2020-05-24T17:30:00.000+0000,0.0,0.0,0.0,90.0,,
253549130,2020-05-24T17:45:00.000+0000,0.0,0.0,0.0,90.0,,
253549130,2020-05-24T18:00:00.000+0000,0.0,0.0,0.0,90.0,,
253549130,2020-05-24T18:15:00.000+0000,0.0,0.0,0.0,89.0,,
253549130,2020-05-24T18:30:00.000+0000,0.0,0.0,,,,
253549130,2020-05-24T18:45:00.000+0000,0.0,0.0,,,,
253549130,2020-05-24T19:00:00.000+0000,0.0,0.0,,,,
253549130,2020-05-24T19:15:00.000+0000,0.0,0.0,,,,
253549130,2020-05-24T19:30:00.000+0000,0.0,0.0,,,,
253549130,2020-05-24T19:45:00.000+0000,0.0,0.0,,,,
253549130,2020-05-24T20:00:00.000+0000,0.0,0.0,0.0,89.0,,
253549130,2020-05-24T20:15:00.000+0000,0.0,0.0,0.0,90.0,,
253549130,2020-05-24T20:30:00.000+0000,0.0,0.0,0.0,90.0,,
253549130,2020-05-24T20:45:00.000+0000,0.0,0.0,0.0,90.0,,
253549130,2020-05-24T21:00:00.000+0000,0.0,0.0,0.0,90.0,,
253549130,2020-05-24T21:15:00.000+0000,0.0,0.0,0.0,90.0,,
253549130,2020-05-24T21:30:00.000+0000,0.0,0.0,0.0,91.0,,
253549130,2020-05-24T21:45:00.000+0000,0.0,0.0,0.0,91.0,,
253549130,2020-05-24T22:00:00.000+0000,0.0,0.0,0.0,91.0,,
253549130,2020-05-24T22:15:00.000+0000,0.0,0.0,0.0,91.0,,
253549130,2020-05-24T22:30:00.000+0000,0.0,0.0,0.0,91.0,,
253549130,2020-05-24T22:45:00.000+0000,0.0,0.0,0.0,91.0,,
253549130,2020-05-24T23:00:00.000+0000,0.0,0.0,0.0,92.0,,
253549130,2020-05-24T23:15:00.000+0000,0.0,0.0,0.0,92.0,,
253549130,2020-05-24T23:30:00.000+0000,0.0,0.0,0.0,92.0,,
253549130,2020-05-24T23:45:00.000+0000,0.0,0.0,0.0,92.0,,
253549130,2020-05-25T00:00:00.000+0000,0.0,0.0,0.0,92.0,,
253549130,2020-05-25T00:15:00.000+0000,0.0,0.0,0.0,92.0,,
253549130,2020-05-25T00:30:00.000+0000,0.0,0.0,0.0,92.0,,
253549130,2020-05-25T00:45:00.000+0000,0.0,0.0,0.0,92.0,,
253549130,2020-05-25T01:00:00.000+0000,0.0,0.0,0.0,92.0,,
253549130,2020-05-25T01:15:00.000+0000,0.0,0.0,0.0,92.0,,
253549130,2020-05-25T01:30:00.000+0000,0.0,0.0,0.0,92.0,,
253549130,2020-05-25T01:45:00.000+0000,0.0,0.0,0.0,92.0,,
253549130,2020-05-25T02:00:00.000+0000,0.0,0.0,0.0,92.0,,
253549130,2020-05-25T02:15:00.000+0000,0.0,0.0,0.0,93.0,,
253549130,2020-05-25T02:30:00.000+0000,0.0,0.0,0.0,93.0,,
253549130,2020-05-25T02:45:00.000+0000,0.0,0.0,0.0,93.0,,
253549130,2020-05-25T03:00:00.000+0000,0.0,0.0,0.0,94.0,,
253549130,2020-05-25T03:15:00.000+0000,0.0,0.0,0.0,94.0,,
253549130,2020-05-25T03:30:00.000+0000,0.0,0.0,0.0,93.0,,
253549130,2020-05-25T03:45:00.000+0000,0.0,0.0,0.0,93.0,,
253549130,2020-05-25T04:00:00.000+0000,0.0,0.0,0.0,93.0,,
253549130,2020-05-25T04:15:00.000+0000,0.0,0.0,0.0,93.0,,
253549130,2020-05-25T04:30:00.000+0000,0.0,0.0,0.0,93.0,,
253549130,2020-05-25T04:45:00.000+0000,0.0,0.0,0.0,93.0,,
253549130,2020-05-25T05:00:00.000+0000,0.0,0.0,0.0,93.0,,
253549130,2020-05-25T05:15:00.000+0000,0.0,0.0,0.0,93.0,,
253549130,2020-05-25T05:30:00.000+0000,0.0,0.0,0.0,93.0,,
253549130,2020-05-25T05:45:00.000+0000,0.0,0.0,0.0,93.0,,
253549130,2020-05-25T06:00:00.000+0000,0.0,0.0,0.0,93.0,,
253549130,2020-05-25T06:15:00.000+0000,0.0,0.0,0.0,93.0,,
253549130,2020-05-25T06:30:00.000+0000,0.0,0.0,0.0,93.0,,
253549130,2020-05-25T06:45:00.000+0000,0.0,0.0,0.0,93.0,,
253549130,2020-05-25T07:00:00.000+0000,0.0,0.0,0.0,93.0,,
253549130,2020-05-25T07:15:00.000+0000,0.0,0.0,0.0,93.0,,
253549130,2020-05-25T07:30:00.000+0000,0.0,0.0,0.0,93.0,,
253549130,2020-05-25T07:45:00.000+0000,0.0,0.0,0.0,93.0,,
253549130,2020-05-25T08:00:00.000+0000,0.0,0.0,0.0,93.0,,
253549130,2020-05-25T08:15:00.000+0000,0.0,0.0,0.0,93.0,,
253549130,2020-05-25T08:30:00.000+0000,0.0,0.0,0.0,93.0,,
253549130,2020-05-25T08:45:00.000+0000,0.0,0.0,0.0,93.0,,
253549130,2020-05-25T09:00:00.000+0000,0.0,0.0,0.0,93.0,,
253549130,2020-05-25T09:15:00.000+0000,0.0,0.0,0.0,93.0,,
253549130,2020-05-25T09:30:00.000+0000,0.0,0.0,0.0,93.0,,
253549130,2020-05-25T09:45:00.000+0000,0.0,0.0,0.0,93.0,,
253549130,2020-05-25T10:00:00.000+0000,0.0,0.0,0.0,93.0,,
253549130,2020-05-25T10:15:00.000+0000,0.0,0.0,0.0,93.0,,
253549130,2020-05-25T10:30:00.000+0000,0.0,0.0,0.0,94.0,,
253549130,2020-05-25T10:45:00.000+0000,0.0,0.0,0.0,94.0,,
253549130,2020-05-25T11:00:00.000+0000,0.0,0.0,0.0,94.0,,
253549130,2020-05-25T11:15:00.000+0000,0.0,0.0,0.0,94.0,,
253549130,2020-05-25T11:30:00.000+0000,0.0,0.0,0.0,94.0,,
253549130,2020-05-25T11:45:00.000+0000,0.0,0.0,0.0,94.0,,
253549130,2020-05-25T12:00:00.000+0000,0.0,0.0,0.0,94.0,,
253549130,2020-05-25T12:15:00.000+0000,0.0,0.0,0.0,94.0,,
253549130,2020-05-25T12:30:00.000+0000,0.0,0.0,0.0,94.0,,
253549130,2020-05-25T12:45:00.000+0000,0.0,0.0,0.0,94.0,,
253549130,2020-05-25T13:00:00.000+0000,0.0,0.0,0.0,94.0,,
253549130,2020-05-25T13:15:00.000+0000,0.0,0.0,0.0,94.0,,
253549130,2020-05-25T13:30:00.000+0000,0.0,0.0,0.0,94.0,,
253549130,2020-05-25T13:45:00.000+0000,0.0,0.0,0.0,94.0,,
253549130,2020-05-25T14:00:00.000+0000,0.0,0.0,0.0,94.0,,
253549130,2020-05-25T14:15:00.000+0000,0.0,0.0,0.0,94.0,,
253549130,2020-05-25T14:30:00.000+0000,0.0,0.0,0.0,94.0,,
253549130,2020-05-25T14:45:00.000+0000,0.0,0.0,0.0,94.0,,
253549130,2020-05-25T15:00:00.000+0000,0.0,0.0,0.0,94.0,,
253549130,2020-05-25T15:15:00.000+0000,0.0,0.0,0.0,94.0,,
253549130,2020-05-25T15:30:00.000+0000,0.0,0.0,0.0,94.0,,
253549130,2020-05-25T15:45:00.000+0000,0.0,0.0,0.0,94.0,,
253549130,2020-05-25T16:00:00.000+0000,0.0,0.0,0.0,93.0,,
253549130,2020-05-25T16:15:00.000+0000,0.0,0.0,0.0,93.0,,
253549130,2020-05-25T16:30:00.000+0000,0.0,0.0,0.0,92.0,,
253549130,2020-05-25T16:45:00.000+0000,0.0,0.0,0.0,92.0,,
253549130,2020-05-25T17:00:00.000+0000,0.0,0.0,0.0,92.0,,
253549130,2020-05-25T17:15:00.000+0000,0.0,0.0,0.0,91.0,,
253549130,2020-05-25T17:30:00.000+0000,0.0,0.0,0.0,91.0,,
253549130,2020-05-25T17:45:00.000+0000,0.0,0.0,0.0,90.0,,
253549130,2020-05-25T18:00:00.000+0000,0.0,0.0,0.0,90.0,,
253549130,2020-05-25T18:15:00.000+0000,0.0,0.0,0.0,90.0,,
253549130,2020-05-25T18:30:00.000+0000,0.0,0.0,0.0,90.0,,
253549130,2020-05-25T18:45:00.000+0000,0.0,0.0,,,,
253549130,2020-05-25T19:00:00.000+0000,0.0,0.0,0.0,89.0,,
253549130,2020-05-25T19:15:00.000+0000,0.0,0.0,0.0,90.0,,
253549130,2020-05-25T19:30:00.000+0000,0.0,0.0,0.0,89.0,,
253549130,2020-05-25T19:45:00.000+0000,0.0,0.0,0.0,90.0,,
253549130,2020-05-25T20:00:00.000+0000,0.0,0.0,0.0,91.0,,
253549130,2020-05-25T20:15:00.000+0000,0.0,0.0,0.0,91.0,,
253549130,2020-05-25T20:30:00.000+0000,0.0,0.0,0.0,91.0,,
253549130,2020-05-25T20:45:00.000+0000,0.0,0.0,0.0,92.0,,
253549130,2020-05-25T21:00:00.000+0000,0.0,0.0,0.0,92.0,,
253549130,2020-05-25T21:15:00.000+0000,0.0,0.0,0.0,92.0,,
253549130,2020-05-25T21:30:00.000+0000,0.0,0.0,0.0,92.0,,
253549130,2020-05-25T21:45:00.000+0000,0.0,0.0,0.0,92.0,,
253549130,2020-05-25T22:00:00.000+0000,0.0,0.0,0.0,92.0,,
253549130,2020-05-25T22:15:00.000+0000,0.0,0.0,0.0,93.0,,
253549130,2020-05-25T22:30:00.000+0000,0.0,0.0,0.0,93.0,,
253549130,2020-05-25T22:45:00.000+0000,0.0,0.0,0.0,93.0,,
253549130,2020-05-25T23:00:00.000+0000,0.0,0.0,0.0,93.0,,
253549130,2020-05-25T23:15:00.000+0000,0.0,0.0,0.0,94.0,,
253549130,2020-05-25T23:30:00.000+0000,0.0,0.0,0.0,94.0,,
253549130,2020-05-25T23:45:00.000+0000,0.0,0.0,0.0,94.0,,
253549130,2020-05-26T00:00:00.000+0000,0.0,0.0,0.0,94.0,,
253549130,2020-05-26T00:15:00.000+0000,0.0,0.0,0.0,94.0,,
253549130,2020-05-26T00:30:00.000+0000,0.0,0.0,0.0,94.0,,
253549130,2020-05-26T00:45:00.000+0000,0.0,0.0,0.0,94.0,,
253549130,2020-05-26T01:00:00.000+0000,0.0,0.0,0.0,94.0,,
253549130,2020-05-26T01:15:00.000+0000,0.0,0.0,0.0,94.0,,
253549130,2020-05-26T01:30:00.000+0000,0.0,0.0,0.0,94.0,,
253549130,2020-05-26T01:45:00.000+0000,0.0,0.0,0.0,95.0,,
253549130,2020-05-26T02:00:00.000+0000,0.0,0.0,0.0,95.0,,
253549130,2020-05-26T02:15:00.000+0000,0.0,0.0,0.0,95.0,,
253549130,2020-05-26T02:30:00.000+0000,0.0,0.0,0.0,95.0,,
253549130,2020-05-26T02:45:00.000+0000,0.0,0.0,0.0,95.0,,
253549130,2020-05-26T03:00:00.000+0000,0.0,0.0,0.0,95.0,,
253549130,2020-05-26T03:15:00.000+0000,0.0,0.0,0.0,95.0,,
253549130,2020-05-26T03:30:00.000+0000,0.0,0.0,0.0,95.0,,
253549130,2020-05-26T03:45:00.000+0000,0.0,0.0,0.0,95.0,,
253549130,2020-05-26T04:00:00.000+0000,0.0,0.0,0.0,95.0,,
253549130,2020-05-26T04:15:00.000+0000,0.0,0.0,0.0,95.0,,
253549130,2020-05-26T04:30:00.000+0000,0.0,0.0,0.0,95.0,,
253549130,2020-05-26T04:45:00.000+0000,0.0,0.0,0.0,95.0,,
253549130,2020-05-26T05:00:00.000+0000,0.0,0.0,0.0,95.0,,
253549130,2020-05-26T05:15:00.000+0000,0.0,0.0,0.0,95.0,,
253549130,2020-05-26T05:30:00.000+0000,0.0,0.0,0.0,95.0,,
253549130,2020-05-26T05:45:00.000+0000,0.0,0.0,0.0,95.0,,
253549130,2020-05-26T06:00:00.000+0000,0.0,0.0,0.0,95.0,,
253549130,2020-05-26T06:15:00.000+0000,0.0,0.0,0.0,95.0,,
253549130,2020-05-26T06:30:00.000+0000,0.0,0.0,0.0,95.0,,
253549130,2020-05-26T06:45:00.000+0000,0.0,0.0,0.0,95.0,,
253549130,2020-05-26T07:00:00.000+0000,0.0,0.0,0.0,95.0,,
253549130,2020-05-26T07:15:00.000+0000,0.0,0.0,0.0,95.0,,
253549130,2020-05-26T07:30:00.000+0000,0.0,0.0,0.0,95.0,,
253549130,2020-05-26T07:45:00.000+0000,0.0,0.0,0.0,96.0,,
253549130,2020-05-26T08:00:00.000+0000,0.0,0.0,0.0,96.0,,
253549130,2020-05-26T08:15:00.000+0000,0.0,0.0,0.0,96.0,,
253549130,2020-05-26T08:30:00.000+0000,0.0,0.0,0.0,96.0,,
253549130,2020-05-26T08:45:00.000+0000,0.0,0.0,0.0,96.0,,
253549130,2020-05-26T09:00:00.000+0000,0.0,0.0,0.0,96.0,,
253549130,2020-05-26T09:15:00.000+0000,0.0,0.0,0.0,96.0,,
253549130,2020-05-26T09:30:00.000+0000,0.0,0.0,0.0,96.0,,
253549130,2020-05-26T09:45:00.000+0000,0.0,0.0,0.0,95.0,,
253549130,2020-05-26T10:00:00.000+0000,0.0,0.0,0.0,96.0,,
253549130,2020-05-26T10:15:00.000+0000,0.0,0.0,0.0,95.0,,
253549130,2020-05-26T10:30:00.000+0000,0.0,0.0,0.0,96.0,,
253549130,2020-05-26T10:45:00.000+0000,0.0,0.0,0.0,95.0,,
253549130,2020-05-26T11:00:00.000+0000,0.0,0.0,0.0,95.0,,
253549130,2020-05-26T11:15:00.000+0000,0.0,0.0,0.0,95.0,,
253549130,2020-05-26T11:30:00.000+0000,0.0,0.0,0.0,95.0,,
253549130,2020-05-26T11:45:00.000+0000,0.0,0.0,0.0,96.0,,
253549130,2020-05-26T12:00:00.000+0000,0.0,0.0,0.0,96.0,,
253549130,2020-05-26T12:15:00.000+0000,0.0,0.0,0.0,96.0,,
253549130,2020-05-26T12:30:00.000+0000,0.0,0.0,0.0,96.0,,
253549130,2020-05-26T12:45:00.000+0000,0.0,0.0,0.0,96.0,,
253549130,2020-05-26T13:00:00.000+0000,0.0,0.0,0.0,96.0,,
253549130,2020-05-26T13:15:00.000+0000,0.0,0.0,0.0,95.0,,
253549130,2020-05-26T13:30:00.000+0000,0.0,0.0,0.0,96.0,,
253549130,2020-05-26T13:45:00.000+0000,0.0,0.0,0.0,95.0,,
253549130,2020-05-26T14:00:00.000+0000,0.0,0.0,0.0,95.0,,
253549130,2020-05-26T14:15:00.000+0000,0.0,0.0,0.0,95.0,,
253549130,2020-05-26T14:30:00.000+0000,0.0,0.0,0.0,95.0,,
253549130,2020-05-26T14:45:00.000+0000,0.0,0.0,0.0,95.0,,
253549130,2020-05-26T15:00:00.000+0000,0.0,0.0,0.0,95.0,,
253549130,2020-05-26T15:15:00.000+0000,0.0,0.0,0.0,94.0,,
253549130,2020-05-26T15:30:00.000+0000,0.0,0.0,0.0,94.0,,
253549130,2020-05-26T15:45:00.000+0000,0.0,0.0,0.0,94.0,,
253549130,2020-05-26T16:00:00.000+0000,0.0,0.0,0.0,94.0,,
253549130,2020-05-26T16:15:00.000+0000,0.0,0.0,0.0,93.0,,
253549130,2020-05-26T16:30:00.000+0000,0.0,0.0,0.0,93.0,,
253549130,2020-05-26T16:45:00.000+0000,0.0,0.0,0.0,92.0,,
253549130,2020-05-26T17:00:00.000+0000,0.0,0.0,0.0,92.0,,
253549130,2020-05-26T17:15:00.000+0000,0.0,0.0,0.0,92.0,,
253549130,2020-05-26T17:30:00.000+0000,0.0,0.0,0.0,91.0,,
253549130,2020-05-26T17:45:00.000+0000,0.0,0.0,0.0,91.0,,
253549130,2020-05-26T18:00:00.000+0000,0.0,0.0,0.0,91.0,,
253549130,2020-05-26T18:15:00.000+0000,0.0,0.0,0.0,91.0,,
253549130,2020-05-26T18:30:00.000+0000,0.0,0.0,0.0,90.0,,
253549130,2020-05-26T18:45:00.000+0000,0.0,0.0,0.0,90.0,,
253549130,2020-05-26T19:00:00.000+0000,0.0,0.0,0.0,89.0,,
253549130,2020-05-26T19:15:00.000+0000,0.0,0.0,0.0,90.0,,
253549130,2020-05-26T19:30:00.000+0000,0.0,0.0,0.0,90.0,,
253549130,2020-05-26T19:45:00.000+0000,0.0,0.0,0.0,90.0,,
253549130,2020-05-26T20:00:00.000+0000,0.0,0.0,0.0,90.0,,
253549130,2020-05-26T20:15:00.000+0000,0.0,0.0,0.0,91.0,,
253549130,2020-05-26T20:30:00.000+0000,0.0,0.0,0.0,92.0,,
253549130,2020-05-26T20:45:00.000+0000,0.0,0.0,0.0,92.0,,
253549130,2020-05-26T21:00:00.000+0000,0.0,0.0,0.0,92.0,,
253549130,2020-05-26T21:15:00.000+0000,0.0,0.0,0.0,92.0,,
253549130,2020-05-26T21:30:00.000+0000,0.0,0.0,0.0,93.0,,
253549130,2020-05-26T21:45:00.000+0000,0.0,0.0,0.0,93.0,,
253549130,2020-05-26T22:00:00.000+0000,0.0,0.0,0.0,93.0,,
253549130,2020-05-26T22:15:00.000+0000,0.0,0.0,0.0,93.0,,
253549130,2020-05-26T22:30:00.000+0000,0.0,0.0,0.0,93.0,,
253549130,2020-05-26T22:45:00.000+0000,0.0,0.0,0.0,94.0,,
253549130,2020-05-26T23:00:00.000+0000,0.0,0.0,0.0,94.0,,
253549130,2020-05-26T23:15:00.000+0000,0.0,0.0,0.0,94.0,,
253549130,2020-05-26T23:30:00.000+0000,0.0,0.0,0.0,95.0,,
253549130,2020-05-26T23:45:00.000+0000,0.0,0.0,0.0,95.0,,
253549130,2020-05-27T00:00:00.000+0000,0.0,0.0,0.0,95.0,,
253549130,2020-05-27T00:15:00.000+0000,0.0,0.0,0.0,95.0,,
253549130,2020-05-27T00:30:00.000+0000,0.0,0.0,0.0,95.0,,
253549130,2020-05-27T00:45:00.000+0000,0.0,0.0,0.0,95.0,,
253549130,2020-05-27T01:00:00.000+0000,0.0,0.0,0.0,95.0,,
253549130,2020-05-27T01:15:00.000+0000,0.0,0.0,0.0,95.0,,
253549130,2020-05-27T01:30:00.000+0000,0.0,0.0,0.0,95.0,,
253549130,2020-05-27T01:45:00.000+0000,0.0,0.0,0.0,96.0,,
253549130,2020-05-27T02:00:00.000+0000,0.0,0.0,0.0,96.0,,
253549130,2020-05-27T02:15:00.000+0000,0.0,0.0,0.0,96.0,,
253549130,2020-05-27T02:30:00.000+0000,0.0,0.0,0.0,96.0,,
253549130,2020-05-27T02:45:00.000+0000,0.0,0.0,0.0,96.0,,
253549130,2020-05-27T03:00:00.000+0000,0.0,0.0,0.0,96.0,,
253549130,2020-05-27T03:15:00.000+0000,0.0,0.0,0.0,96.0,,
253549130,2020-05-27T03:30:00.000+0000,0.0,0.0,0.0,96.0,,
253549130,2020-05-27T03:45:00.000+0000,0.0,0.0,0.0,96.0,,
253549130,2020-05-27T04:00:00.000+0000,0.0,0.0,0.0,96.0,,
253549130,2020-05-27T04:15:00.000+0000,0.0,0.0,0.0,96.0,,
253549130,2020-05-27T04:30:00.000+0000,0.0,0.0,0.0,97.0,,
253549130,2020-05-27T04:45:00.000+0000,0.0,0.0,0.0,97.0,,
253549130,2020-05-27T05:00:00.000+0000,0.0,0.0,0.0,97.0,,
253549130,2020-05-27T05:15:00.000+0000,0.0,0.0,0.0,96.0,,
253549130,2020-05-27T05:30:00.000+0000,0.0,0.0,0.0,96.0,,
253549130,2020-05-27T05:45:00.000+0000,0.0,0.0,0.0,96.0,,
253549130,2020-05-27T06:00:00.000+0000,0.0,0.0,0.0,96.0,,
253549130,2020-05-27T06:15:00.000+0000,0.0,0.0,0.0,96.0,,
253549130,2020-05-27T06:30:00.000+0000,0.0,0.0,0.0,96.0,,
253549130,2020-05-27T06:45:00.000+0000,0.0,0.0,0.0,97.0,,
253549130,2020-05-27T07:00:00.000+0000,0.0,0.0,0.0,96.0,,
253549130,2020-05-27T07:15:00.000+0000,0.0,0.0,0.0,97.0,,
253549130,2020-05-27T07:30:00.000+0000,0.0,0.0,0.0,97.0,,
253549130,2020-05-27T07:45:00.000+0000,0.0,0.0,0.0,97.0,,
253549130,2020-05-27T08:00:00.000+0000,0.0,0.0,0.0,97.0,,
253549130,2020-05-27T08:15:00.000+0000,0.0,0.0,0.0,97.0,,
253549130,2020-05-27T08:30:00.000+0000,0.0,0.0,0.0,97.0,,
253549130,2020-05-27T08:45:00.000+0000,0.0,0.0,0.0,97.0,,
253549130,2020-05-27T09:00:00.000+0000,0.0,0.0,0.0,97.0,,
253549130,2020-05-27T09:15:00.000+0000,0.0,0.0,0.0,97.0,,
253549130,2020-05-27T09:30:00.000+0000,0.0,0.0,0.0,97.0,,
253549130,2020-05-27T09:45:00.000+0000,0.0,0.0,0.0,97.0,,
253549130,2020-05-27T10:00:00.000+0000,0.0,0.0,0.0,97.0,,
253549130,2020-05-27T10:15:00.000+0000,0.0,0.0,0.0,98.0,,
253549130,2020-05-27T10:30:00.000+0000,0.0,0.0,0.0,97.0,,
253549130,2020-05-27T10:45:00.000+0000,0.0,0.0,0.0,98.0,,
253549130,2020-05-27T11:00:00.000+0000,0.0,0.0,0.0,98.0,,
253549130,2020-05-27T11:15:00.000+0000,0.0,0.0,0.0,97.0,,
253549130,2020-05-27T11:30:00.000+0000,0.0,0.0,0.0,97.0,,
253549130,2020-05-27T11:45:00.000+0000,0.0,0.0,0.0,97.0,,
253549130,2020-05-27T12:00:00.000+0000,0.0,0.0,0.0,97.0,,
253549130,2020-05-27T12:15:00.000+0000,0.0,0.0,0.0,97.0,,
253549130,2020-05-27T12:30:00.000+0000,0.0,0.0,0.0,97.0,,
253549130,2020-05-27T12:45:00.000+0000,0.0,0.0,0.0,97.0,,
253549130,2020-05-27T13:00:00.000+0000,0.0,0.0,0.0,97.0,,
253549130,2020-05-27T13:15:00.000+0000,0.0,0.0,0.0,97.0,,
253549130,2020-05-27T13:30:00.000+0000,0.0,0.0,0.0,97.0,,
253549130,2020-05-27T13:45:00.000+0000,0.0,0.0,0.0,97.0,,
253549130,2020-05-27T14:00:00.000+0000,0.0,0.0,0.0,97.0,,
253549130,2020-05-27T14:15:00.000+0000,0.0,0.0,0.0,96.0,,
253549130,2020-05-27T14:30:00.000+0000,0.0,0.0,0.0,96.0,,
253549130,2020-05-27T14:45:00.000+0000,0.0,0.0,0.0,96.0,,
253549130,2020-05-27T15:00:00.000+0000,0.0,0.0,0.0,96.0,,
253549130,2020-05-27T15:15:00.000+0000,0.0,0.0,0.0,96.0,,
253549130,2020-05-27T15:30:00.000+0000,0.0,0.0,0.0,95.0,,
253549130,2020-05-27T15:45:00.000+0000,0.0,0.0,0.0,95.0,,
253549130,2020-05-27T16:00:00.000+0000,0.0,0.0,0.0,95.0,,
253549130,2020-05-27T16:15:00.000+0000,0.0,0.0,0.0,94.0,,
253549130,2020-05-27T16:30:00.000+0000,0.0,0.0,0.0,94.0,,
253549130,2020-05-27T16:45:00.000+0000,0.0,0.0,0.0,93.0,,
253549130,2020-05-27T17:00:00.000+0000,0.0,0.0,0.0,93.0,,
253549130,2020-05-27T17:15:00.000+0000,0.0,0.0,0.0,92.0,,
253549130,2020-05-27T17:30:00.000+0000,0.0,0.0,0.0,91.0,,
253549130,2020-05-27T17:45:00.000+0000,0.0,0.0,0.0,91.0,,
253549130,2020-05-27T18:00:00.000+0000,0.0,0.0,0.0,90.0,,
253549130,2020-05-27T18:15:00.000+0000,0.0,0.0,0.0,90.0,,
253549130,2020-05-27T18:30:00.000+0000,0.0,0.0,0.0,89.0,,
253549130,2020-05-27T18:45:00.000+0000,0.0,0.0,,,,
253549130,2020-05-27T19:00:00.000+0000,0.0,0.0,,,,
253549130,2020-05-27T19:15:00.000+0000,0.0,0.0,0.0,89.0,,
253549130,2020-05-27T19:30:00.000+0000,0.0,0.0,0.0,89.0,,
253549130,2020-05-27T19:45:00.000+0000,0.0,0.0,,,,
253549130,2020-05-27T20:00:00.000+0000,0.0,0.0,0.0,90.0,,
253549130,2020-05-27T20:15:00.000+0000,0.0,0.0,0.0,91.0,,
253549130,2020-05-27T20:30:00.000+0000,0.0,0.0,0.0,91.0,,
253549130,2020-05-27T20:45:00.000+0000,0.0,0.0,0.0,92.0,,
253549130,2020-05-27T21:00:00.000+0000,0.0,0.0,0.0,92.0,,
253549130,2020-05-27T21:15:00.000+0000,0.0,0.0,0.0,92.0,,
253549130,2020-05-27T21:30:00.000+0000,0.0,0.0,0.0,92.0,,
253549130,2020-05-27T21:45:00.000+0000,0.0,0.0,0.0,93.0,,
253549130,2020-05-27T22:00:00.000+0000,0.0,0.0,0.0,93.0,,
253549130,2020-05-27T22:15:00.000+0000,0.0,0.0,0.0,93.0,,
253549130,2020-05-27T22:30:00.000+0000,0.0,0.0,0.0,93.0,,
253549130,2020-05-27T22:45:00.000+0000,0.0,0.0,0.0,93.0,,
253549130,2020-05-27T23:00:00.000+0000,0.0,0.0,0.0,93.0,,
253549130,2020-05-27T23:15:00.000+0000,0.0,0.0,0.0,94.0,,
253549130,2020-05-27T23:30:00.000+0000,0.0,0.0,0.0,94.0,,
253549130,2020-05-27T23:45:00.000+0000,0.0,0.0,0.0,95.0,,
253549130,2020-05-28T00:00:00.000+0000,0.0,0.0,0.0,95.0,,
253549130,2020-05-28T00:15:00.000+0000,0.0,0.0,0.0,95.0,,
253549130,2020-05-28T00:30:00.000+0000,0.0,0.0,0.0,95.0,,
253549130,2020-05-28T00:45:00.000+0000,0.0,0.0,0.0,95.0,,
253549130,2020-05-28T01:00:00.000+0000,0.0,0.0,0.0,95.0,,
253549130,2020-05-28T01:15:00.000+0000,0.0,0.0,0.0,95.0,,
253549130,2020-05-28T01:30:00.000+0000,0.0,0.0,0.0,95.0,,
253549130,2020-05-28T01:45:00.000+0000,0.0,0.0,0.0,96.0,,
253549130,2020-05-28T02:00:00.000+0000,0.0,0.0,0.0,96.0,,
253549130,2020-05-28T02:15:00.000+0000,0.0,0.0,0.0,96.0,,
253549130,2020-05-28T02:30:00.000+0000,0.0,0.0,0.0,96.0,,
253549130,2020-05-28T02:45:00.000+0000,0.0,0.0,0.0,96.0,,
253549130,2020-05-28T03:00:00.000+0000,0.0,0.0,0.0,96.0,,
253549130,2020-05-28T03:15:00.000+0000,0.0,0.0,0.0,96.0,,
253549130,2020-05-28T03:30:00.000+0000,0.0,0.0,0.0,96.0,,
253549130,2020-05-28T03:45:00.000+0000,0.0,0.0,0.0,96.0,,
253549130,2020-05-28T04:00:00.000+0000,0.0,0.0,0.0,96.0,,
253549130,2020-05-28T04:15:00.000+0000,0.0,0.0,0.0,97.0,,
253549130,2020-05-28T04:30:00.000+0000,0.0,0.0,0.0,97.0,,
253549130,2020-05-28T04:45:00.000+0000,0.0,0.0,0.0,97.0,,
253549130,2020-05-28T05:00:00.000+0000,0.0,0.0,0.0,97.0,,
253549130,2020-05-28T05:15:00.000+0000,0.0,0.0,0.0,97.0,,
253549130,2020-05-28T05:30:00.000+0000,0.0,0.0,0.0,97.0,,
253549130,2020-05-28T05:45:00.000+0000,0.0,0.0,0.0,97.0,,
253549130,2020-05-28T06:00:00.000+0000,0.0,0.0,0.0,97.0,,
253549130,2020-05-28T06:15:00.000+0000,0.0,0.0,0.0,97.0,,
253549130,2020-05-28T06:30:00.000+0000,0.0,0.0,0.0,98.0,,
253549130,2020-05-28T06:45:00.000+0000,0.0,0.0,0.0,97.0,,
253549130,2020-05-28T07:00:00.000+0000,0.0,0.0,0.0,98.0,,
253549130,2020-05-28T07:15:00.000+0000,0.0,0.0,0.0,97.0,,
253549130,2020-05-28T07:30:00.000+0000,0.0,0.0,0.0,98.0,,
253549130,2020-05-28T07:45:00.000+0000,0.0,0.0,0.0,98.0,,
253549130,2020-05-28T08:00:00.000+0000,0.0,0.0,0.0,98.0,,
253549130,2020-05-28T08:15:00.000+0000,0.0,0.0,0.0,98.0,,
253549130,2020-05-28T08:30:00.000+0000,0.0,0.0,0.0,98.0,,
253549130,2020-05-28T08:45:00.000+0000,0.0,0.0,0.0,98.0,,
253549130,2020-05-28T09:00:00.000+0000,0.0,0.0,0.0,98.0,,
253549130,2020-05-28T09:15:00.000+0000,0.0,0.0,0.0,98.0,,
253549130,2020-05-28T09:30:00.000+0000,0.0,0.0,0.0,98.0,,
253549130,2020-05-28T09:45:00.000+0000,0.0,0.0,0.0,98.0,,
253549130,2020-05-28T10:00:00.000+0000,0.0,0.0,0.0,98.0,,
253549130,2020-05-28T10:15:00.000+0000,0.0,0.0,0.0,98.0,,
253549130,2020-05-28T10:30:00.000+0000,0.0,0.0,0.0,99.0,,
253549130,2020-05-28T10:45:00.000+0000,0.0,0.0,0.0,99.0,,
253549130,2020-05-28T11:00:00.000+0000,0.0,0.0,0.0,98.0,,
253549130,2020-05-28T11:15:00.000+0000,0.0,0.0,0.0,98.0,,
253549130,2020-05-28T11:30:00.000+0000,0.0,0.0,0.0,98.0,,
253549130,2020-05-28T11:45:00.000+0000,0.0,0.0,0.0,98.0,,
253549130,2020-05-28T12:00:00.000+0000,0.0,0.0,0.0,98.0,,
253549130,2020-05-28T12:15:00.000+0000,0.0,0.0,0.0,98.0,,
253549130,2020-05-28T12:30:00.000+0000,0.0,0.0,0.0,98.0,,
253549130,2020-05-28T12:45:00.000+0000,0.0,0.0,0.0,98.0,,
253549130,2020-05-28T13:00:00.000+0000,0.0,0.0,0.0,98.0,,
253549130,2020-05-28T13:15:00.000+0000,0.0,0.0,0.0,98.0,,
253549130,2020-05-28T13:30:00.000+0000,0.0,0.0,0.0,98.0,,
253549130,2020-05-28T13:45:00.000+0000,0.0,0.0,0.0,97.0,,
253549130,2020-05-28T14:00:00.000+0000,0.0,0.0,0.0,97.0,,
253549130,2020-05-28T14:15:00.000+0000,0.0,0.0,0.0,97.0,,
253549130,2020-05-28T14:30:00.000+0000,0.0,0.0,0.0,97.0,,
253549130,2020-05-28T14:45:00.000+0000,0.0,0.0,0.0,96.0,,
253549130,2020-05-28T15:00:00.000+0000,0.0,0.0,0.0,96.0,,
253549130,2020-05-28T15:15:00.000+0000,0.0,0.0,0.0,96.0,,
253549130,2020-05-28T15:30:00.000+0000,0.0,0.0,0.0,95.0,,
253549130,2020-05-28T15:45:00.000+0000,0.0,0.0,0.0,95.0,,
253549130,2020-05-28T16:00:00.000+0000,0.0,0.0,0.0,94.0,,
253549130,2020-05-28T16:15:00.000+0000,0.0,0.0,0.0,94.0,,
253549130,2020-05-28T16:30:00.000+0000,0.0,0.0,0.0,93.0,,
253549130,2020-05-28T16:45:00.000+0000,0.0,0.0,0.0,93.0,,
253549130,2020-05-28T17:00:00.000+0000,0.0,0.0,0.0,92.0,,
253549130,2020-05-28T17:15:00.000+0000,0.0,0.0,0.0,92.0,,
253549130,2020-05-28T17:30:00.000+0000,0.0,0.0,0.0,92.0,,
253549130,2020-05-28T17:45:00.000+0000,0.0,0.0,0.0,91.0,,
253549130,2020-05-28T18:00:00.000+0000,0.0,0.0,0.0,91.0,,
253549130,2020-05-28T18:15:00.000+0000,0.0,0.0,0.0,91.0,,
253549130,2020-05-28T18:30:00.000+0000,0.0,0.0,0.0,90.0,,
253549130,2020-05-28T18:45:00.000+0000,0.0,0.0,,,,
253549130,2020-05-28T19:00:00.000+0000,0.0,0.0,,,,
253549130,2020-05-28T19:15:00.000+0000,0.0,0.0,0.0,90.0,,
253549130,2020-05-28T19:30:00.000+0000,0.0,0.0,0.0,90.0,,
253549130,2020-05-28T19:45:00.000+0000,0.0,0.0,0.0,89.0,,
253549130,2020-05-28T20:00:00.000+0000,0.0,0.0,0.0,90.0,,
253549130,2020-05-28T20:15:00.000+0000,0.0,0.0,0.0,91.0,,
253549130,2020-05-28T20:30:00.000+0000,0.0,0.0,0.0,91.0,,
253549130,2020-05-28T20:45:00.000+0000,0.0,0.0,0.0,92.0,,
253549130,2020-05-28T21:00:00.000+0000,0.0,0.0,0.0,92.0,,
253549130,2020-05-28T21:15:00.000+0000,0.0,0.0,0.0,92.0,,
253549130,2020-05-28T21:30:00.000+0000,0.0,0.0,0.0,93.0,,
253549130,2020-05-28T21:45:00.000+0000,0.0,0.0,0.0,93.0,,
253549130,2020-05-28T22:00:00.000+0000,0.0,0.0,0.0,93.0,,
253549130,2020-05-28T22:15:00.000+0000,0.0,0.0,0.0,93.0,,
253549130,2020-05-28T22:30:00.000+0000,0.0,0.0,0.0,93.0,,
253549130,2020-05-28T22:45:00.000+0000,0.0,0.0,0.0,94.0,,
253549130,2020-05-28T23:00:00.000+0000,0.0,0.0,0.0,94.0,,
253549130,2020-05-28T23:15:00.000+0000,0.0,0.0,0.0,95.0,,
253549130,2020-05-28T23:30:00.000+0000,0.0,0.0,0.0,95.0,,
253549130,2020-05-28T23:45:00.000+0000,0.0,0.0,0.0,95.0,,
253549130,2020-05-29T00:00:00.000+0000,0.0,0.0,0.0,95.0,,
253549130,2020-05-29T00:15:00.000+0000,0.0,0.0,0.0,95.0,,
253549130,2020-05-29T00:30:00.000+0000,0.0,0.0,0.0,95.0,,
253549130,2020-05-29T00:45:00.000+0000,0.0,0.0,0.0,95.0,,
253549130,2020-05-29T01:00:00.000+0000,0.0,0.0,0.0,95.0,,
253549130,2020-05-29T01:15:00.000+0000,0.0,0.0,0.0,96.0,,
253549130,2020-05-29T01:30:00.000+0000,0.0,0.0,0.0,96.0,,
253549130,2020-05-29T01:45:00.000+0000,0.0,0.0,0.0,96.0,,
253549130,2020-05-29T02:00:00.000+0000,0.0,0.0,0.0,96.0,,
253549130,2020-05-29T02:15:00.000+0000,0.0,0.0,0.0,96.0,,
253549130,2020-05-29T02:30:00.000+0000,0.0,0.0,0.0,96.0,,
253549130,2020-05-29T02:45:00.000+0000,0.0,0.0,0.0,97.0,,
253549130,2020-05-29T03:00:00.000+0000,0.0,0.0,0.0,96.0,,
253549130,2020-05-29T03:15:00.000+0000,0.0,0.0,0.0,97.0,,
253549130,2020-05-29T03:30:00.000+0000,0.0,0.0,0.0,97.0,,
253549130,2020-05-29T03:45:00.000+0000,0.0,0.0,0.0,97.0,,
253549130,2020-05-29T04:00:00.000+0000,0.0,0.0,0.0,97.0,,
253549130,2020-05-29T04:15:00.000+0000,0.0,0.0,0.0,97.0,,
253549130,2020-05-29T04:30:00.000+0000,0.0,0.0,0.0,97.0,,
253549130,2020-05-29T04:45:00.000+0000,0.0,0.0,0.0,97.0,,
253549130,2020-05-29T05:00:00.000+0000,0.0,0.0,0.0,97.0,,
253549130,2020-05-29T05:15:00.000+0000,0.0,0.0,0.0,97.0,,
253549130,2020-05-29T05:30:00.000+0000,0.0,0.0,0.0,97.0,,
253549130,2020-05-29T05:45:00.000+0000,0.0,0.0,0.0,98.0,,
253549130,2020-05-29T06:00:00.000+0000,0.0,0.0,0.0,98.0,,
253549130,2020-05-29T06:15:00.000+0000,0.0,0.0,0.0,98.0,,
253549130,2020-05-29T06:30:00.000+0000,0.0,0.0,0.0,98.0,,
253549130,2020-05-29T06:45:00.000+0000,0.0,0.0,0.0,98.0,,
253549130,2020-05-29T07:00:00.000+0000,0.0,0.0,0.0,98.0,,
253549130,2020-05-29T07:15:00.000+0000,0.0,0.0,0.0,98.0,,
253549130,2020-05-29T07:30:00.000+0000,0.0,0.0,0.0,98.0,,
253549130,2020-05-29T07:45:00.000+0000,0.0,0.0,0.0,98.0,,
253549130,2020-05-29T08:00:00.000+0000,0.0,0.0,0.0,98.0,,
253549130,2020-05-29T08:15:00.000+0000,0.0,0.0,0.0,98.0,,
253549130,2020-05-29T08:30:00.000+0000,0.0,0.0,0.0,98.0,,
253549130,2020-05-29T08:45:00.000+0000,0.0,0.0,0.0,98.0,,
253549130,2020-05-29T09:00:00.000+0000,0.0,0.0,0.0,98.0,,
253549130,2020-05-29T09:15:00.000+0000,0.0,0.0,0.0,98.0,,
253549130,2020-05-29T09:30:00.000+0000,0.0,0.0,0.0,98.0,,
253549130,2020-05-29T09:45:00.000+0000,0.0,0.0,0.0,98.0,,
253549130,2020-05-29T10:00:00.000+0000,0.0,0.0,0.0,98.0,,
253549130,2020-05-29T10:15:00.000+0000,0.0,0.0,0.0,99.0,,
253549130,2020-05-29T10:30:00.000+0000,0.0,0.0,0.0,99.0,,
253549130,2020-05-29T10:45:00.000+0000,0.0,0.0,0.0,99.0,,
253549130,2020-05-29T11:00:00.000+0000,0.0,0.0,0.0,98.0,,
253549130,2020-05-29T11:15:00.000+0000,0.0,0.0,0.0,98.0,,
253549130,2020-05-29T11:30:00.000+0000,0.0,0.0,0.0,98.0,,
253549130,2020-05-29T11:45:00.000+0000,0.0,0.0,0.0,98.0,,
253549130,2020-05-29T12:00:00.000+0000,0.0,0.0,0.0,97.0,,
253549130,2020-05-29T12:15:00.000+0000,0.0,0.0,0.0,97.0,,
253549130,2020-05-29T12:30:00.000+0000,0.0,0.2,0.0,97.0,,
253549130,2020-05-29T12:45:00.000+0000,0.0,0.0,0.0,97.0,,
253549130,2020-05-29T13:00:00.000+0000,0.0,0.0,0.0,97.0,,
253549130,2020-05-29T13:15:00.000+0000,0.0,0.0,0.0,97.0,,
253549130,2020-05-29T13:30:00.000+0000,0.0,0.0,0.0,97.0,,
253549130,2020-05-29T13:45:00.000+0000,0.0,0.0,0.0,97.0,,
253549130,2020-05-29T14:00:00.000+0000,0.0,0.0,0.0,96.0,,
253549130,2020-05-29T14:15:00.000+0000,0.0,0.0,0.0,96.0,,
253549130,2020-05-29T14:30:00.000+0000,0.0,0.0,0.0,96.0,,
253549130,2020-05-29T14:45:00.000+0000,0.0,0.0,0.0,95.0,,
253549130,2020-05-29T15:00:00.000+0000,0.0,0.0,0.0,95.0,,
253549130,2020-05-29T15:15:00.000+0000,0.0,0.0,0.0,95.0,,
253549130,2020-05-29T15:30:00.000+0000,0.0,0.0,0.0,95.0,,
253549130,2020-05-29T15:45:00.000+0000,0.0,0.0,0.0,95.0,,
253549130,2020-05-29T16:00:00.000+0000,0.0,0.0,0.0,94.0,,
253549130,2020-05-29T16:15:00.000+0000,0.0,0.0,0.0,94.0,,
253549130,2020-05-29T16:30:00.000+0000,0.0,0.0,0.0,93.0,,
253549130,2020-05-29T16:45:00.000+0000,0.0,0.0,0.0,93.0,,
253549130,2020-05-29T17:00:00.000+0000,0.0,0.0,0.0,92.0,,
253549130,2020-05-29T17:15:00.000+0000,0.0,0.0,0.0,92.0,,
253549130,2020-05-29T17:30:00.000+0000,0.0,0.0,0.0,91.0,,
253549130,2020-05-29T17:45:00.000+0000,0.0,0.0,0.0,91.0,,
253549130,2020-05-29T18:00:00.000+0000,0.0,0.0,0.0,90.0,,
253549130,2020-05-29T18:15:00.000+0000,0.0,0.0,0.0,90.0,,
253549130,2020-05-29T18:30:00.000+0000,0.0,0.0,0.0,90.0,,
253549130,2020-05-29T18:45:00.000+0000,0.0,0.0,0.0,89.0,,
253549130,2020-05-29T19:00:00.000+0000,0.0,0.0,,,,
253549130,2020-05-29T19:15:00.000+0000,0.0,0.0,0.0,90.0,,
253549130,2020-05-29T19:30:00.000+0000,0.0,0.0,0.0,90.0,,
253549130,2020-05-29T19:45:00.000+0000,0.0,0.0,0.0,90.0,,
253549130,2020-05-29T20:00:00.000+0000,0.0,0.0,0.0,91.0,,
253549130,2020-05-29T20:15:00.000+0000,0.0,0.0,0.0,91.0,,
253549130,2020-05-29T20:30:00.000+0000,0.0,0.0,0.0,91.0,,
253549130,2020-05-29T20:45:00.000+0000,0.0,0.0,0.0,92.0,,
253549130,2020-05-29T21:00:00.000+0000,0.0,0.0,0.0,92.0,,
253549130,2020-05-29T21:15:00.000+0000,0.0,0.0,0.0,92.0,,
253549130,2020-05-29T21:30:00.000+0000,0.0,0.0,0.0,92.0,,
253549130,2020-05-29T21:45:00.000+0000,0.0,0.0,0.0,92.0,,
253549130,2020-05-29T22:00:00.000+0000,0.0,0.0,0.0,92.0,,
253549130,2020-05-29T22:15:00.000+0000,0.0,0.0,0.0,93.0,,
253549130,2020-05-29T22:30:00.000+0000,0.0,0.0,0.0,93.0,,
253549130,2020-05-29T22:45:00.000+0000,0.0,0.0,0.0,93.0,,
253549130,2020-05-29T23:00:00.000+0000,0.0,0.0,0.0,94.0,,
253549130,2020-05-29T23:15:00.000+0000,0.0,0.0,0.0,94.0,,
253549130,2020-05-29T23:30:00.000+0000,0.0,0.0,0.0,94.0,,
253549130,2020-05-29T23:45:00.000+0000,0.0,0.0,0.0,94.0,,
253549130,2020-05-30T00:00:00.000+0000,0.0,0.0,0.0,95.0,,
253549130,2020-05-30T00:15:00.000+0000,0.0,0.0,0.0,95.0,,
253549130,2020-05-30T00:30:00.000+0000,0.0,0.0,0.0,95.0,,
253549130,2020-05-30T00:45:00.000+0000,0.0,0.0,0.0,95.0,,
253549130,2020-05-30T01:00:00.000+0000,0.0,0.0,0.0,95.0,,
253549130,2020-05-30T01:15:00.000+0000,0.0,0.0,0.0,95.0,,
253549130,2020-05-30T01:30:00.000+0000,0.0,0.0,0.0,95.0,,
253549130,2020-05-30T01:45:00.000+0000,0.0,0.0,0.0,96.0,,
253549130,2020-05-30T02:00:00.000+0000,0.0,0.0,0.0,95.0,,
253549130,2020-05-30T02:15:00.000+0000,0.0,0.0,0.0,96.0,,
253549130,2020-05-30T02:30:00.000+0000,0.0,0.0,0.0,96.0,,
253549130,2020-05-30T02:45:00.000+0000,0.0,0.0,0.0,96.0,,
253549130,2020-05-30T03:00:00.000+0000,0.0,0.0,0.0,96.0,,
253549130,2020-05-30T03:15:00.000+0000,0.0,0.0,0.0,96.0,,
253549130,2020-05-30T03:30:00.000+0000,0.0,0.0,0.0,96.0,,
253549130,2020-05-30T03:45:00.000+0000,0.0,0.0,0.0,96.0,,
253549130,2020-05-30T04:00:00.000+0000,0.0,0.0,0.0,96.0,,
253549130,2020-05-30T04:15:00.000+0000,0.0,0.0,0.0,96.0,,
253549130,2020-05-30T04:30:00.000+0000,0.0,0.0,0.0,96.0,,
253549130,2020-05-30T04:45:00.000+0000,0.0,0.0,0.0,97.0,,
253549130,2020-05-30T05:00:00.000+0000,0.0,0.0,0.0,97.0,,
253549130,2020-05-30T05:15:00.000+0000,0.0,0.0,0.0,97.0,,
253549130,2020-05-30T05:30:00.000+0000,0.0,0.0,0.0,96.0,,
253549130,2020-05-30T05:45:00.000+0000,0.0,0.0,0.0,97.0,,
253549130,2020-05-30T06:00:00.000+0000,0.0,0.0,0.0,97.0,,
253549130,2020-05-30T06:15:00.000+0000,0.0,0.0,0.0,97.0,,
253549130,2020-05-30T06:30:00.000+0000,0.0,0.0,0.0,97.0,,
253549130,2020-05-30T06:45:00.000+0000,0.0,0.0,0.0,97.0,,
253549130,2020-05-30T07:00:00.000+0000,0.0,0.0,0.0,97.0,,
253549130,2020-05-30T07:15:00.000+0000,0.0,0.0,0.0,97.0,,
253549130,2020-05-30T07:30:00.000+0000,0.0,0.0,0.0,97.0,,
253549130,2020-05-30T07:45:00.000+0000,0.0,0.0,0.0,97.0,,
253549130,2020-05-30T08:00:00.000+0000,0.0,0.0,0.0,98.0,,
253549130,2020-05-30T08:15:00.000+0000,0.0,0.0,0.0,98.0,,
253549130,2020-05-30T08:30:00.000+0000,0.0,0.0,0.0,98.0,,
253549130,2020-05-30T08:45:00.000+0000,0.0,0.0,0.0,98.0,,
253549130,2020-05-30T09:00:00.000+0000,0.0,0.0,0.0,98.0,,
253549130,2020-05-30T09:15:00.000+0000,0.0,0.0,0.0,98.0,,
253549130,2020-05-30T09:30:00.000+0000,0.0,0.0,0.0,98.0,,
253549130,2020-05-30T09:45:00.000+0000,0.0,0.0,0.0,98.0,,
253549130,2020-05-30T10:00:00.000+0000,0.0,0.0,0.0,98.0,,
253549130,2020-05-30T10:15:00.000+0000,0.0,0.0,0.0,98.0,,
253549130,2020-05-30T10:30:00.000+0000,0.0,0.0,0.0,98.0,,
253549130,2020-05-30T10:45:00.000+0000,0.0,0.0,0.0,98.0,,
253549130,2020-05-30T11:00:00.000+0000,0.0,0.0,0.0,98.0,,
253549130,2020-05-30T11:15:00.000+0000,0.0,0.0,0.0,98.0,,
253549130,2020-05-30T11:30:00.000+0000,0.0,0.0,0.0,98.0,,
253549130,2020-05-30T11:45:00.000+0000,0.0,0.0,0.0,98.0,,
253549130,2020-05-30T12:00:00.000+0000,0.0,0.0,0.0,98.0,,
253549130,2020-05-30T12:15:00.000+0000,0.0,0.0,0.0,99.0,,
253549130,2020-05-30T12:30:00.000+0000,0.0,0.0,0.0,98.0,,
253549130,2020-05-30T12:45:00.000+0000,0.0,0.0,0.0,98.0,,
253549130,2020-05-30T13:00:00.000+0000,0.0,0.0,0.0,98.0,,
253549130,2020-05-30T13:15:00.000+0000,0.0,0.0,0.0,98.0,,
253549130,2020-05-30T13:30:00.000+0000,0.0,0.0,0.0,98.0,,
253549130,2020-05-30T13:45:00.000+0000,0.0,0.0,0.0,98.0,,
253549130,2020-05-30T14:00:00.000+0000,0.0,0.0,0.0,97.0,,
253549130,2020-05-30T14:15:00.000+0000,0.0,0.0,0.0,97.0,,
253549130,2020-05-30T14:30:00.000+0000,0.0,0.0,0.0,97.0,,
253549130,2020-05-30T14:45:00.000+0000,0.0,0.0,0.0,96.0,,
253549130,2020-05-30T15:00:00.000+0000,0.0,0.0,0.0,96.0,,
253549130,2020-05-30T15:15:00.000+0000,0.0,0.0,0.0,95.0,,
253549130,2020-05-30T15:30:00.000+0000,0.0,0.0,0.0,95.0,,
253549130,2020-05-30T15:45:00.000+0000,0.0,0.0,0.0,94.0,,
253549130,2020-05-30T16:00:00.000+0000,0.0,0.0,0.0,94.0,,
253549130,2020-05-30T16:15:00.000+0000,0.0,0.0,0.0,93.0,,
253549130,2020-05-30T16:30:00.000+0000,0.0,0.0,0.0,93.0,,
253549130,2020-05-30T16:45:00.000+0000,0.0,0.0,0.0,92.0,,
253549130,2020-05-30T17:00:00.000+0000,0.0,0.0,0.0,92.0,,
253549130,2020-05-30T17:15:00.000+0000,0.0,0.0,0.0,91.0,,
253549130,2020-05-30T17:30:00.000+0000,0.0,0.0,0.0,91.0,,
253549130,2020-05-30T17:45:00.000+0000,0.0,0.0,0.0,90.0,,
253549130,2020-05-30T18:00:00.000+0000,0.0,0.0,0.0,90.0,,
253549130,2020-05-30T18:15:00.000+0000,0.0,0.0,0.0,90.0,,
253549130,2020-05-30T18:30:00.000+0000,0.0,0.0,0.0,89.0,,
253549130,2020-05-30T18:45:00.000+0000,0.0,0.0,,,,
253549130,2020-05-30T19:00:00.000+0000,0.0,0.0,,,,
253549130,2020-05-30T19:15:00.000+0000,0.0,0.0,,,,
253549130,2020-05-30T19:30:00.000+0000,0.0,0.0,,,,
253549130,2020-05-30T19:45:00.000+0000,0.0,0.0,0.0,89.0,,
253549130,2020-05-30T20:00:00.000+0000,0.0,0.0,0.0,90.0,,
253549130,2020-05-30T20:15:00.000+0000,0.0,0.0,0.0,90.0,,
253549130,2020-05-30T20:30:00.000+0000,0.0,0.0,0.0,91.0,,
253549130,2020-05-30T20:45:00.000+0000,0.0,0.0,0.0,91.0,,
253549130,2020-05-30T21:00:00.000+0000,0.0,0.0,0.0,91.0,,
253549130,2020-05-30T21:15:00.000+0000,0.0,0.0,0.0,91.0,,
253549130,2020-05-30T21:30:00.000+0000,0.0,0.0,0.0,92.0,,
253549130,2020-05-30T21:45:00.000+0000,0.0,0.0,0.0,92.0,,
253549130,2020-05-30T22:00:00.000+0000,0.0,0.0,0.0,92.0,,
253549130,2020-05-30T22:15:00.000+0000,0.0,0.0,0.0,92.0,,
253549130,2020-05-30T22:30:00.000+0000,0.0,0.0,0.0,93.0,,
253549130,2020-05-30T22:45:00.000+0000,0.0,0.0,0.0,93.0,,
253549130,2020-05-30T23:00:00.000+0000,0.0,0.0,0.0,93.0,,
253549130,2020-05-30T23:15:00.000+0000,0.0,0.0,0.0,94.0,,
253549130,2020-05-30T23:30:00.000+0000,0.0,0.0,0.0,94.0,,
253549130,2020-05-30T23:45:00.000+0000,0.0,0.0,0.0,94.0,,
253549130,2020-05-31T00:00:00.000+0000,0.0,0.0,0.0,95.0,,
253549130,2020-05-31T00:15:00.000+0000,0.0,0.0,0.0,95.0,,
253549130,2020-05-31T00:30:00.000+0000,0.0,0.0,0.0,95.0,,
253549130,2020-05-31T00:45:00.000+0000,0.0,0.0,0.0,95.0,,
253549130,2020-05-31T01:00:00.000+0000,0.0,0.0,0.0,95.0,,
253549130,2020-05-31T01:15:00.000+0000,0.0,0.0,0.0,95.0,,
253549130,2020-05-31T01:30:00.000+0000,0.0,0.0,0.0,95.0,,
253549130,2020-05-31T01:45:00.000+0000,0.0,0.0,0.0,96.0,,
253549130,2020-05-31T02:00:00.000+0000,0.0,0.0,0.0,96.0,,
253549130,2020-05-31T02:15:00.000+0000,0.0,0.0,0.0,96.0,,
253549130,2020-05-31T02:30:00.000+0000,0.0,0.0,0.0,96.0,,
253549130,2020-05-31T02:45:00.000+0000,0.0,0.0,0.0,96.0,,
253549130,2020-05-31T03:00:00.000+0000,0.0,0.0,0.0,96.0,,
