data,cota_obs_cm
2012-01-01,105.0
2012-01-02,115.0
2012-01-03,103.0
2012-01-04,92.0
2012-01-05,84.0
2012-01-06,81.0
2012-01-07,83.0
2012-01-08,79.0
2012-01-09,79.0
2012-01-10,87.0
2012-01-11,105.0
2012-01-12,120.0
2012-01-13,126.0
2012-01-14,112.0
2012-01-15,138.0
2012-01-16,153.0
2012-01-17,173.0
2012-01-18,187.0
2012-01-19,198.0
2012-01-20,188.0
2012-01-21,155.0
2012-01-22,128.0
2012-01-23,179.0
2012-01-24,180.0
2012-01-25,174.0
2012-01-26,169.0
2012-01-27,145.0
2012-01-28,134.0
2012-01-29,127.0
2012-01-30,112.0
2012-01-31,102.0
2012-02-01,97.0
2012-02-02,93.0
2012-02-03,90.0
2012-02-04,87.0
2012-02-05,85.0
2012-02-06,83.0
2012-02-07,99.0
2012-02-08,93.0
2012-02-09,87.0
2012-02-10,145.0
2012-02-11,182.0
2012-02-12,165.0
2012-02-13,159.0
2012-02-14,143.0
2012-02-15,137.0
2012-02-16,127.0
2012-02-17,102.0
2012-02-18,95.0
2012-02-19,86.0
2012-02-20,87.0
2012-02-21,87.0
2012-02-22,113.0
2012-02-23,116.0
2012-02-24,128.0
2012-02-25,124.0
2012-02-26,125.0
2012-02-27,113.0
2012-02-28,113.0
2012-02-29,134.0
2012-03-01,128.0
2012-03-02,103.0
2012-03-03,91.0
2012-03-04,88.0
2012-03-05,85.0
2012-03-06,83.0
2012-03-07,81.0
2012-03-08,77.0
2012-03-09,74.0
2012-03-10,73.0
2012-03-11,72.0
2012-03-12,71.0
2012-03-13,69.0
2012-03-14,68.0
2012-03-15,70.0
2012-03-16,83.0
2012-03-17,85.0
2012-03-18,81.0
2012-03-19,77.0
2012-03-20,74.0
2012-03-21,72.0
2012-03-22,70.0
2012-03-23,68.0
2012-03-24,69.0
2012-03-25,70.0
2012-03-26,71.0
2012-03-27,119.0
2012-03-28,123.0
2012-03-29,94.0
2012-03-30,82.0
2012-03-31,75.0
2012-04-01,73.0
2012-04-02,72.0
2012-04-03,75.0
2012-04-04,71.0
2012-04-05,69.0
2012-04-06,69.0
2012-04-07,70.0
2012-04-08,99.0
2012-04-09,121.0
2012-04-10,112.0
2012-04-11,90.0
2012-04-12,106.0
2012-04-13,106.0
2012-04-14,95.0
2012-04-15,99.0
2012-04-16,119.0
2012-04-17,96.0
2012-04-18,85.0
2012-04-19,79.0
2012-04-20,77.0
2012-04-21,76.0
2012-04-22,75.0
2012-04-23,76.0
2012-04-24,75.0
2012-04-25,73.0
2012-04-26,159.0
2012-04-27,210.0
2012-04-28,216.0
2012-04-29,239.0
2012-04-30,211.0
2012-05-01,200.0
2012-05-02,188.0
2012-05-03,164.0
2012-05-04,135.0
2012-05-05,128.0
2012-05-06,144.0
2012-05-07,156.0
2012-05-08,159.0
2012-05-09,123.0
2012-05-10,110.0
2012-05-11,104.0
2012-05-12,109.0
2012-05-13,111.0
2012-05-14,105.0
2012-05-15,102.0
2012-05-16,107.0
2012-05-17,110.0
2012-05-18,116.0
2012-05-19,113.0
2012-05-20,114.0
2012-05-21,100.0
2012-05-22,100.0
2012-05-23,105.0
2012-05-24,106.0
2012-05-25,163.0
2012-05-26,160.0
2012-05-27,154.0
2012-05-28,155.0
2012-05-29,114.0
2012-05-30,110.0
2012-05-31,129.0
2012-06-01,143.0
2012-06-02,157.0
2012-06-03,151.0
2012-06-04,170.0
2012-06-05,244.0
2012-06-06,244.0
2012-06-07,249.0
2012-06-08,227.0
2012-06-09,217.0
2012-06-10,210.0
2012-06-11,220.0
2012-06-12,217.0
2012-06-13,215.0
2012-06-14,221.0
2012-06-15,216.0
2012-06-16,203.0
2012-06-17,173.0
2012-06-18,168.0
2012-06-19,187.0
2012-06-20,207.0
2012-06-21,206.0
2012-06-22,204.0
2012-06-23,197.0
2012-06-24,185.0
2012-06-25,156.0
2012-06-26,142.0
2012-06-27,137.0
2012-06-28,131.0
2012-06-29,129.0
2012-06-30,126.0
2012-07-01,123.0
2012-07-02,118.0
2012-07-03,113.0
2012-07-04,117.0
2012-07-05,117.0
2012-07-06,111.0
2012-07-07,121.0
2012-07-08,155.0
2012-07-09,140.0
2012-07-10,131.0
2012-07-11,116.0
2012-07-12,118.0
2012-07-13,117.0
2012-07-14,111.0
2012-07-15,94.0
2012-07-16,94.0
2012-07-17,103.0
2012-07-18,138.0
2012-07-19,135.0
2012-07-20,133.0
2012-07-21,107.0
2012-07-22,96.0
2012-07-23,91.0
2012-07-24,87.0
2012-07-25,84.0
2012-07-26,84.0
2012-07-27,98.0
2012-07-28,104.0
2012-07-29,101.0
2012-07-30,88.0
2012-07-31,88.0
2012-08-01,91.0
2012-08-02,96.0
2012-08-03,109.0
2012-08-04,96.0
2012-08-05,85.0
2012-08-06,79.0
2012-08-07,78.0
2012-08-08,75.0
2012-08-09,72.0
2012-08-10,71.0
2012-08-11,69.0
2012-08-12,68.0
2012-08-13,67.0
2012-08-14,65.0
2012-08-15,65.0
2012-08-16,64.0
2012-08-17,66.0
2012-08-18,65.0
2012-08-19,65.0
2012-08-20,64.0
2012-08-21,63.0
2012-08-22,62.0
2012-08-23,59.0
2012-08-24,57.0
2012-08-25,56.0
2012-08-26,54.0
2012-08-27,55.0
2012-08-28,59.0
2012-08-29,64.0
2012-08-30,67.0
2012-08-31,61.0
2012-09-01,58.0
2012-09-02,57.0
2012-09-03,55.0
2012-09-04,56.0
2012-09-05,55.0
2012-09-06,55.0
2012-09-07,55.0
2012-09-08,55.0
2012-09-09,55.0
2012-09-10,54.0
2012-09-11,61.0
2012-09-12,64.0
2012-09-13,59.0
2012-09-14,55.0
2012-09-15,54.0
2012-09-16,55.0
2012-09-17,53.0
2012-09-18,51.0
2012-09-19,50.0
2012-09-20,50.0
2012-09-21,76.0
2012-09-22,81.0
2012-09-23,82.0
2012-09-24,61.0
2012-09-25,58.0
2012-09-26,82.0
2012-09-27,79.0
2012-09-28,65.0
2012-09-29,59.0
2012-09-30,64.0
2012-10-01,63.0
2012-10-02,65.0
2012-10-03,68.0
2012-10-04,66.0
2012-10-05,60.0
2012-10-06,55.0
2012-10-07,52.0
2012-10-08,51.0
2012-10-09,49.0
2012-10-10,48.0
2012-10-11,48.0
2012-10-12,49.0
2012-10-13,49.0
2012-10-14,50.0
2012-10-15,50.0
2012-10-16,52.0
2012-10-17,50.0
2012-10-18,47.0
2012-10-19,45.0
2012-10-20,45.0
2012-10-21,47.0
2012-10-22,46.0
2012-10-23,108.0
2012-10-24,121.0
2012-10-25,113.0
2012-10-26,117.0
2012-10-27,129.0
2012-10-28,116.0
2012-10-29,115.0
2012-10-30,91.0
2012-10-31,65.0
2012-11-01,125.0
2012-11-02,105.0
2012-11-03,99.0
2012-11-04,74.0
2012-11-05,68.0
2012-11-06,62.0
2012-11-07,59.0
2012-11-08,55.0
2012-11-09,58.0
2012-11-10,99.0
2012-11-11,110.0
2012-11-12,115.0
2012-11-13,140.0
2012-11-14,151.0
2012-11-15,135.0
2012-11-16,119.0
2012-11-17,95.0
2012-11-18,77.0
2012-11-19,69.0
2012-11-20,64.0
2012-11-21,60.0
2012-11-22,59.0
2012-11-23,56.0
2012-11-24,67.0
2012-11-25,80.0
2012-11-26,76.0
2012-11-27,70.0
2012-11-28,69.0
2012-11-29,69.0
2012-11-30,66.0
2012-12-01,59.0
2012-12-02,79.0
2012-12-03,112.0
2012-12-04,99.0
2012-12-05,93.0
2012-12-06,87.0
2012-12-07,81.0
2012-12-08,71.0
2012-12-09,84.0
2012-12-10,71.0
2012-12-11,64.0
2012-12-12,61.0
2012-12-13,59.0
2012-12-14,56.0
2012-12-15,60.0
2012-12-16,69.0
2012-12-17,66.0
2012-12-18,83.0
2012-12-19,61.0
2012-12-20,79.0
2012-12-21,66.0
2012-12-22,117.0
2012-12-23,98.0
2012-12-24,92.0
2012-12-25,87.0
2012-12-26,81.0
2012-12-27,58.0
2012-12-28,67.0
2012-12-29,66.0
2012-12-30,204.0
2012-12-31,180.0
2013-01-01,180.0
2013-01-02,188.0
2013-01-03,158.0
2013-01-04,143.0
2013-01-05,113.0
2013-01-06,103.0
2013-01-07,99.0
2013-01-08,86.0
2013-01-09,76.0
2013-01-10,85.0
2013-01-11,97.0
2013-01-12,102.0
2013-01-13,99.0
2013-01-14,86.0
2013-01-15,79.0
2013-01-16,83.0
2013-01-17,82.0
2013-01-18,76.0
2013-01-19,85.0
2013-01-20,89.0
2013-01-21,85.0
2013-01-22,81.0
2013-01-23,76.0
2013-01-24,76.0
2013-01-25,70.0
2013-01-26,67.0
2013-01-27,61.0
2013-01-28,61.0
2013-01-29,63.0
2013-01-30,65.0
2013-01-31,60.0
2013-02-01,59.0
2013-02-02,59.0
2013-02-03,107.0
2013-02-04,101.0
2013-02-05,94.0
2013-02-06,91.0
2013-02-07,96.0
2013-02-08,96.0
2013-02-09,94.0
2013-02-10,102.0
2013-02-11,111.0
2013-02-12,112.0
2013-02-13,105.0
2013-02-14,100.0
2013-02-15,97.0
2013-02-16,95.0
2013-02-17,90.0
2013-02-18,162.0
2013-02-19,206.0
2013-02-20,222.0
2013-02-21,208.0
2013-02-22,201.0
2013-02-23,177.0
2013-02-24,149.0
2013-02-25,142.0
2013-02-26,125.0
2013-02-27,111.0
2013-02-28,93.0
2013-03-01,98.0
2013-03-02,95.0
2013-03-03,89.0
2013-03-04,77.0
2013-03-05,76.0
2013-03-06,84.0
2013-03-07,119.0
2013-03-08,116.0
2013-03-09,116.0
2013-03-10,120.0
2013-03-11,120.0
2013-03-12,137.0
2013-03-13,177.0
2013-03-14,175.0
2013-03-15,164.0
2013-03-16,169.0
2013-03-17,224.0
2013-03-18,210.0
2013-03-19,210.0
2013-03-20,185.0
2013-03-21,162.0
2013-03-22,159.0
2013-03-23,147.0
2013-03-24,158.0
2013-03-25,155.0
2013-03-26,143.0
2013-03-27,132.0
2013-03-28,130.0
2013-03-29,130.0
2013-03-30,124.0
2013-03-31,118.0
2013-04-01,107.0
2013-04-02,103.0
2013-04-03,103.0
2013-04-04,99.0
2013-04-05,117.0
2013-04-06,109.0
2013-04-07,103.0
2013-04-08,101.0
2013-04-09,100.0
2013-04-10,97.0
2013-04-11,93.0
2013-04-12,84.0
2013-04-13,106.0
2013-04-14,100.0
2013-04-15,97.0
2013-04-16,91.0
2013-04-17,90.0
2013-04-18,84.0
2013-04-19,75.0
2013-04-20,74.0
2013-04-21,72.0
2013-04-22,70.0
2013-04-23,69.0
2013-04-24,69.0
2013-04-25,68.0
2013-04-26,68.0
2013-04-27,68.0
2013-04-28,65.0
2013-04-29,64.0
2013-04-30,63.0
2013-05-01,62.0
2013-05-02,62.0
2013-05-03,61.0
2013-05-04,60.0
2013-05-05,59.0
2013-05-06,76.0
2013-05-07,86.0
2013-05-08,93.0
2013-05-09,78.0
2013-05-10,66.0
2013-05-11,62.0
2013-05-12,60.0
2013-05-13,60.0
2013-05-14,60.0
2013-05-15,59.0
2013-05-16,58.0
2013-05-17,63.0
2013-05-18,67.0
2013-05-19,68.0
2013-05-20,65.0
2013-05-21,64.0
2013-05-22,66.0
2013-05-23,66.0
2013-05-24,69.0
2013-05-25,67.0
2013-05-26,63.0
2013-05-27,66.0
2013-05-28,92.0
2013-05-29,102.0
2013-05-30,101.0
2013-05-31,91.0
2013-06-01,73.0
2013-06-02,119.0
2013-06-03,113.0
2013-06-04,109.0
2013-06-05,102.0
2013-06-06,77.0
2013-06-07,70.0
2013-06-08,68.0
2013-06-09,64.0
2013-06-10,62.0
2013-06-11,59.0
2013-06-12,60.0
2013-06-13,59.0
2013-06-14,59.0
2013-06-15,59.0
2013-06-16,62.0
2013-06-17,112.0
2013-06-18,104.0
2013-06-19,105.0
2013-06-20,120.0
2013-06-21,242.0
2013-06-22,255.0
2013-06-23,266.0
2013-06-24,237.0
2013-06-25,218.0
2013-06-26,192.0
2013-06-27,180.0
2013-06-28,170.0
2013-06-29,155.0
2013-06-30,150.0
2013-07-01,152.0
2013-07-02,140.0
2013-07-03,133.0
2013-07-04,130.0
2013-07-05,114.0
2013-07-06,110.0
2013-07-07,103.0
2013-07-08,97.0
2013-07-09,94.0
2013-07-10,93.0
2013-07-11,94.0
2013-07-12,95.0
2013-07-13,90.0
2013-07-14,85.0
2013-07-15,84.0
2013-07-16,82.0
2013-07-17,81.0
2013-07-18,79.0
2013-07-19,82.0
2013-07-20,95.0
2013-07-21,190.0
2013-07-22,230.0
2013-07-23,248.0
2013-07-24,235.0
2013-07-25,199.0
2013-07-26,169.0
2013-07-27,150.0
2013-07-28,134.0
2013-07-29,124.0
2013-07-30,113.0
2013-07-31,104.0
2013-08-01,98.0
2013-08-02,94.0
2013-08-03,92.0
2013-08-04,90.0
2013-08-05,90.0
2013-08-06,89.0
2013-08-07,89.0
2013-08-08,87.0
2013-08-09,83.0
2013-08-10,81.0
2013-08-11,81.0
2013-08-12,79.0
2013-08-13,78.0
2013-08-14,83.0
2013-08-15,88.0
2013-08-16,91.0
2013-08-17,83.0
2013-08-18,84.0
2013-08-19,85.0
2013-08-20,83.0
2013-08-21,80.0
2013-08-22,77.0
2013-08-23,73.0
2013-08-24,72.0
2013-08-25,72.0
2013-08-26,74.0
2013-08-27,87.0
2013-08-28,91.0
2013-08-29,83.0
2013-08-30,76.0
2013-08-31,74.0
2013-09-01,71.0
2013-09-02,72.0
2013-09-03,71.0
2013-09-04,76.0
2013-09-05,73.0
2013-09-06,71.0
2013-09-07,70.0
2013-09-08,70.0
2013-09-09,68.0
2013-09-10,66.0
2013-09-11,64.0
2013-09-12,62.0
2013-09-13,61.0
2013-09-14,60.0
2013-09-15,60.0
2013-09-16,61.0
2013-09-17,108.0
2013-09-18,114.0
2013-09-19,113.0
2013-09-20,114.0
2013-09-21,96.0
2013-09-22,169.0
2013-09-23,199.0
2013-09-24,223.0
2013-09-25,199.0
2013-09-26,166.0
2013-09-27,145.0
2013-09-28,105.0
2013-09-29,94.0
2013-09-30,92.0
2013-10-01,88.0
2013-10-02,118.0
2013-10-03,121.0
2013-10-04,164.0
2013-10-05,150.0
2013-10-06,148.0
2013-10-07,139.0
2013-10-08,136.0
2013-10-09,107.0
2013-10-10,97.0
2013-10-11,88.0
2013-10-12,84.0
2013-10-13,81.0
2013-10-14,79.0
2013-10-15,89.0
2013-10-16,91.0
2013-10-17,100.0
2013-10-18,98.0
2013-10-19,98.0
2013-10-20,87.0
2013-10-21,79.0
2013-10-22,79.0
2013-10-23,76.0
2013-10-24,79.0
2013-10-25,81.0
2013-10-26,80.0
2013-10-27,84.0
2013-10-28,85.0
2013-10-29,84.0
2013-10-30,76.0
2013-10-31,73.0
2013-11-01,71.0
2013-11-02,71.0
2013-11-03,83.0
2013-11-04,91.0
2013-11-05,89.0
2013-11-06,87.0
2013-11-07,84.0
2013-11-08,85.0
2013-11-09,86.0
2013-11-10,85.0
2013-11-11,82.0
2013-11-12,75.0
2013-11-13,71.0
2013-11-14,68.0
2013-11-15,66.0
2013-11-16,65.0
2013-11-17,81.0
2013-11-18,79.0
2013-11-19,77.0
2013-11-20,74.0
2013-11-21,71.0
2013-11-22,68.0
2013-11-23,67.0
2013-11-24,67.0
2013-11-25,69.0
2013-11-26,80.0
2013-11-27,94.0
2013-11-28,109.0
2013-11-29,133.0
2013-11-30,135.0
2013-12-01,125.0
2013-12-02,112.0
2013-12-03,98.0
2013-12-04,88.0
2013-12-05,85.0
2013-12-06,85.0
2013-12-07,83.0
2013-12-08,84.0
2013-12-09,83.0
2013-12-10,76.0
2013-12-11,74.0
2013-12-12,73.0
2013-12-13,71.0
2013-12-14,73.0
2013-12-15,73.0
2013-12-16,72.0
2013-12-17,70.0
2013-12-18,69.0
2013-12-19,67.0
2013-12-20,65.0
2013-12-21,65.0
2013-12-22,69.0
2013-12-23,69.0
2013-12-24,75.0
2013-12-25,79.0
2013-12-26,80.0
2013-12-27,71.0
2013-12-28,67.0
2013-12-29,76.0
2013-12-30,77.0
2013-12-31,69.0
2014-01-01,67.0
2014-01-02,85.0
2014-01-03,96.0
2014-01-04,112.0
2014-01-05,126.0
2014-01-06,133.0
2014-01-07,116.0
2014-01-08,98.0
2014-01-09,91.0
2014-01-10,81.0
2014-01-11,116.0
2014-01-12,111.0
2014-01-13,218.0
2014-01-14,202.0
2014-01-15,189.0
2014-01-16,200.0
2014-01-17,204.0
2014-01-18,209.0
2014-01-19,229.0
2014-01-20,184.0
2014-01-21,151.0
2014-01-22,132.0
2014-01-23,113.0
2014-01-24,95.0
2014-01-25,88.0
2014-01-26,82.0
2014-01-27,80.0
2014-01-28,80.0
2014-01-29,77.0
2014-01-30,74.0
2014-01-31,70.0
2014-02-01,68.0
2014-02-02,66.0
2014-02-03,66.0
2014-02-04,65.0
2014-02-05,64.0
2014-02-06,64.0
2014-02-07,62.0
2014-02-08,61.0
2014-02-09,59.0
2014-02-10,58.0
2014-02-11,58.0
2014-02-12,57.0
2014-02-13,58.0
2014-02-14,64.0
2014-02-15,79.0
2014-02-16,87.0
2014-02-17,94.0
2014-02-18,100.0
2014-02-19,101.0
2014-02-20,102.0
2014-02-21,105.0
2014-02-22,103.0
2014-02-23,82.0
2014-02-24,75.0
2014-02-25,73.0
2014-02-26,71.0
2014-02-27,69.0
2014-02-28,75.0
2014-03-01,75.0
2014-03-02,74.0
2014-03-03,69.0
2014-03-04,64.0
2014-03-05,64.0
2014-03-06,81.0
2014-03-07,91.0
2014-03-08,99.0
2014-03-09,96.0
2014-03-10,107.0
2014-03-11,109.0
2014-03-12,111.0
2014-03-13,112.0
2014-03-14,111.0
2014-03-15,108.0
2014-03-16,109.0
2014-03-17,114.0
2014-03-18,109.0
2014-03-19,123.0
2014-03-20,137.0
2014-03-21,141.0
2014-03-22,133.0
2014-03-23,114.0
2014-03-24,101.0
2014-03-25,88.0
2014-03-26,82.0
2014-03-27,81.0
2014-03-28,80.0
2014-03-29,80.0
2014-03-30,83.0
2014-03-31,82.0
2014-04-01,83.0
2014-04-02,85.0
2014-04-03,97.0
2014-04-04,108.0
2014-04-05,111.0
2014-04-06,119.0
2014-04-07,130.0
2014-04-08,139.0
2014-04-09,114.0
2014-04-10,93.0
2014-04-11,88.0
2014-04-12,92.0
2014-04-13,101.0
2014-04-14,100.0
2014-04-15,111.0
2014-04-16,110.0
2014-04-17,107.0
2014-04-18,106.0
2014-04-19,107.0
2014-04-20,109.0
2014-04-21,109.0
2014-04-22,99.0
2014-04-23,91.0
2014-04-24,87.0
2014-04-25,83.0
2014-04-26,80.0
2014-04-27,78.0
2014-04-28,79.0
2014-04-29,81.0
2014-04-30,87.0
2014-05-01,96.0
2014-05-02,91.0
2014-05-03,82.0
2014-05-04,78.0
2014-05-05,74.0
2014-05-06,73.0
2014-05-07,72.0
2014-05-08,71.0
2014-05-09,70.0
2014-05-10,70.0
2014-05-11,70.0
2014-05-12,73.0
2014-05-13,69.0
2014-05-14,86.0
2014-05-15,81.0
2014-05-16,80.0
2014-05-17,78.0
2014-05-18,74.0
2014-05-19,72.0
2014-05-20,70.0
2014-05-21,69.0
2014-05-22,68.0
2014-05-23,84.0
2014-05-24,109.0
2014-05-25,106.0
2014-05-26,149.0
2014-05-27,138.0
2014-05-28,134.0
2014-05-29,133.0
2014-05-30,144.0
2014-05-31,119.0
2014-06-01,103.0
2014-06-02,96.0
2014-06-03,91.0
2014-06-04,83.0
2014-06-05,80.0
2014-06-06,146.0
2014-06-07,247.0
2014-06-08,241.0
2014-06-09,255.0
2014-06-10,225.0
2014-06-11,189.0
2014-06-12,166.0
2014-06-13,151.0
2014-06-14,140.0
2014-06-15,135.0
2014-06-16,137.0
2014-06-17,132.0
2014-06-18,134.0
2014-06-19,136.0
2014-06-20,129.0
2014-06-21,129.0
2014-06-22,129.0
2014-06-23,126.0
2014-06-24,108.0
2014-06-25,103.0
2014-06-26,99.0
2014-06-27,97.0
2014-06-28,94.0
2014-06-29,114.0
2014-06-30,111.0
2014-07-01,108.0
2014-07-02,104.0
2014-07-03,104.0
2014-07-04,91.0
2014-07-05,90.0
2014-07-06,87.0
2014-07-07,86.0
2014-07-08,85.0
2014-07-09,84.0
2014-07-10,86.0
2014-07-11,87.0
2014-07-12,89.0
2014-07-13,90.0
2014-07-14,91.0
2014-07-15,95.0
2014-07-16,92.0
2014-07-17,90.0
2014-07-18,103.0
2014-07-19,100.0
2014-07-20,101.0
2014-07-21,95.0
2014-07-22,85.0
2014-07-23,84.0
2014-07-24,86.0
2014-07-25,90.0
2014-07-26,90.0
2014-07-27,86.0
2014-07-28,83.0
2014-07-29,83.0
2014-07-30,92.0
2014-07-31,99.0
2014-08-01,103.0
2014-08-02,102.0
2014-08-03,88.0
2014-08-04,83.0
2014-08-05,80.0
2014-08-06,79.0
2014-08-07,77.0
2014-08-08,76.0
2014-08-09,76.0
2014-08-10,75.0
2014-08-11,76.0
2014-08-12,75.0
2014-08-13,99.0
2014-08-14,100.0
2014-08-15,103.0
2014-08-16,110.0
2014-08-17,121.0
2014-08-18,118.0
2014-08-19,121.0
2014-08-20,111.0
2014-08-21,93.0
2014-08-22,87.0
2014-08-23,84.0
2014-08-24,82.0
2014-08-25,80.0
2014-08-26,79.0
2014-08-27,77.0
2014-08-28,75.0
2014-08-29,75.0
2014-08-30,74.0
2014-08-31,77.0
2014-09-01,94.0
2014-09-02,96.0
2014-09-03,133.0
2014-09-04,124.0
2014-09-05,127.0
2014-09-06,127.0
2014-09-07,122.0
2014-09-08,123.0
2014-09-09,124.0
2014-09-10,122.0
2014-09-11,106.0
2014-09-12,91.0
2014-09-13,87.0
2014-09-14,86.0
2014-09-15,83.0
2014-09-16,80.0
2014-09-17,79.0
2014-09-18,78.0
2014-09-19,132.0
2014-09-20,138.0
2014-09-21,133.0
2014-09-22,136.0
2014-09-23,144.0
2014-09-24,136.0
2014-09-25,129.0
2014-09-26,134.0
2014-09-27,133.0
2014-09-28,128.0
2014-09-29,132.0
2014-09-30,133.0
2014-10-01,173.0
2014-10-02,169.0
2014-10-03,167.0
2014-10-04,172.0
2014-10-05,169.0
2014-10-06,140.0
2014-10-07,127.0
2014-10-08,120.0
2014-10-09,113.0
2014-10-10,102.0
2014-10-11,98.0
2014-10-12,95.0
2014-10-13,92.0
2014-10-14,90.0
2014-10-15,90.0
2014-10-16,90.0
2014-10-17,90.0
2014-10-18,119.0
2014-10-19,114.0
2014-10-20,136.0
2014-10-21,126.0
2014-10-22,123.0
2014-10-23,128.0
2014-10-24,121.0
2014-10-25,113.0
2014-10-26,127.0
2014-10-27,109.0
2014-10-28,103.0
2014-10-29,100.0
2014-10-30,94.0
2014-10-31,92.0
2014-11-01,89.0
2014-11-02,87.0
2014-11-03,88.0
2014-11-04,118.0
2014-11-05,138.0
2014-11-06,109.0
2014-11-07,126.0
2014-11-08,137.0
2014-11-09,128.0
2014-11-10,123.0
2014-11-11,114.0
2014-11-12,101.0
2014-11-13,95.0
2014-11-14,94.0
2014-11-15,96.0
2014-11-16,105.0
2014-11-17,110.0
2014-11-18,104.0
2014-11-19,95.0
2014-11-20,93.0
2014-11-21,94.0
2014-11-22,95.0
2014-11-23,96.0
2014-11-24,94.0
2014-11-25,94.0
2014-11-26,142.0
2014-11-27,118.0
2014-11-28,114.0
2014-11-29,110.0
2014-11-30,101.0
2014-12-01,99.0
2014-12-02,99.0
2014-12-03,99.0
2014-12-04,109.0
2014-12-05,121.0
2014-12-06,121.0
2014-12-07,129.0
2014-12-08,124.0
2014-12-09,104.0
2014-12-10,100.0
2014-12-11,99.0
2014-12-12,105.0
2014-12-13,104.0
2014-12-14,97.0
2014-12-15,97.0
2014-12-16,95.0
2014-12-17,90.0
2014-12-18,87.0
2014-12-19,88.0
2014-12-20,91.0
2014-12-21,97.0
2014-12-22,139.0
2014-12-23,172.0
2014-12-24,157.0
2014-12-25,152.0
2014-12-26,178.0
2014-12-27,218.0
2014-12-28,184.0
2014-12-29,168.0
2014-12-30,172.0
2014-12-31,168.0
2015-01-01,158.0
2015-01-02,153.0
2015-01-03,147.0
2015-01-04,154.0
2015-01-05,149.0
2015-01-06,145.0
2015-01-07,155.0
2015-01-08,159.0
2015-01-09,176.0
2015-01-10,149.0
2015-01-11,134.0
2015-01-12,136.0
2015-01-13,149.0
2015-01-14,150.0
2015-01-15,152.0
2015-01-16,157.0
2015-01-17,161.0
2015-01-18,151.0
2015-01-19,136.0
2015-01-20,125.0
2015-01-21,152.0
2015-01-22,145.0
2015-01-23,144.0
2015-01-24,145.0
2015-01-25,142.0
2015-01-26,125.0
2015-01-27,121.0
2015-01-28,117.0
2015-01-29,113.0
2015-01-30,112.0
2015-01-31,108.0
2015-02-01,107.0
2015-02-02,109.0
2015-02-03,116.0
2015-02-04,155.0
2015-02-05,187.0
2015-02-06,182.0
2015-02-07,168.0
2015-02-08,166.0
2015-02-09,159.0
2015-02-10,140.0
2015-02-11,114.0
2015-02-12,107.0
2015-02-13,109.0
2015-02-14,156.0
2015-02-15,195.0
2015-02-16,238.0
2015-02-17,228.0
2015-02-18,206.0
2015-02-19,195.0
2015-02-20,186.0
2015-02-21,210.0
2015-02-22,189.0
2015-02-23,173.0
2015-02-24,165.0
2015-02-25,167.0
2015-02-26,154.0
2015-02-27,171.0
2015-02-28,169.0
2015-03-01,159.0
2015-03-02,150.0
2015-03-03,143.0
2015-03-04,138.0
2015-03-05,138.0
2015-03-06,180.0
2015-03-07,186.0
2015-03-08,184.0
2015-03-09,208.0
2015-03-10,197.0
2015-03-11,191.0
2015-03-12,182.0
2015-03-13,167.0
2015-03-14,155.0
2015-03-15,148.0
2015-03-16,151.0
2015-03-17,152.0
2015-03-18,143.0
2015-03-19,142.0
2015-03-20,140.0
2015-03-21,146.0
2015-03-22,146.0
2015-03-23,141.0
2015-03-24,135.0
2015-03-25,120.0
2015-03-26,116.0
2015-03-27,116.0
2015-03-28,127.0
2015-03-29,150.0
2015-03-30,159.0
2015-03-31,154.0
2015-04-01,154.0
2015-04-02,163.0
2015-04-03,161.0
2015-04-04,148.0
2015-04-05,130.0
2015-04-06,120.0
2015-04-07,112.0
2015-04-08,109.0
2015-04-09,107.0
2015-04-10,105.0
2015-04-11,102.0
2015-04-12,99.0
2015-04-13,98.0
2015-04-14,96.0
2015-04-15,94.0
2015-04-16,95.0
2015-04-17,95.0
2015-04-18,98.0
2015-04-19,99.0
2015-04-20,106.0
2015-04-21,119.0
2015-04-22,128.0
2015-04-23,133.0
2015-04-24,131.0
2015-04-25,131.0
2015-04-26,135.0
2015-04-27,137.0
2015-04-28,132.0
2015-04-29,112.0
2015-04-30,108.0
2015-05-01,109.0
2015-05-02,106.0
2015-05-03,101.0
2015-05-04,130.0
2015-05-05,130.0
2015-05-06,125.0
2015-05-07,131.0
2015-05-08,127.0
2015-05-09,125.0
2015-05-10,125.0
2015-05-11,123.0
2015-05-12,120.0
2015-05-13,119.0
2015-05-14,118.0
2015-05-15,116.0
2015-05-16,111.0
2015-05-17,113.0
2015-05-18,117.0
2015-05-19,116.0
2015-05-20,107.0
2015-05-21,106.0
2015-05-22,106.0
2015-05-23,108.0
2015-05-24,104.0
2015-05-25,101.0
2015-05-26,112.0
2015-05-27,164.0
2015-05-28,162.0
2015-05-29,153.0
2015-05-30,151.0
2015-05-31,147.0
2015-06-01,140.0
2015-06-02,117.0
2015-06-03,111.0
2015-06-04,107.0
2015-06-05,105.0
2015-06-06,100.0
2015-06-07,98.0
2015-06-08,97.0
2015-06-09,95.0
2015-06-10,92.0
2015-06-11,91.0
2015-06-12,111.0
2015-06-13,135.0
2015-06-14,125.0
2015-06-15,156.0
2015-06-16,149.0
2015-06-17,140.0
2015-06-18,144.0
2015-06-19,145.0
2015-06-20,128.0
2015-06-21,121.0
2015-06-22,117.0
2015-06-23,116.0
2015-06-24,109.0
2015-06-25,105.0
2015-06-26,105.0
2015-06-27,111.0
2015-06-28,118.0
2015-06-29,126.0
2015-06-30,141.0
2015-07-01,141.0
2015-07-02,124.0
2015-07-03,122.0
2015-07-04,118.0
2015-07-05,116.0
2015-07-06,111.0
2015-07-07,106.0
2015-07-08,148.0
2015-07-09,150.0
2015-07-10,141.0
2015-07-11,186.0
2015-07-12,175.0
2015-07-13,192.0
2015-07-14,187.0
2015-07-15,182.0
2015-07-16,168.0
2015-07-17,196.0
2015-07-18,196.0
2015-07-19,189.0
2015-07-20,191.0
2015-07-21,190.0
2015-07-22,175.0
2015-07-23,161.0
2015-07-24,155.0
2015-07-25,169.0
2015-07-26,161.0
2015-07-27,154.0
2015-07-28,150.0
2015-07-29,145.0
2015-07-30,137.0
2015-07-31,126.0
2015-08-01,116.0
2015-08-02,112.0
2015-08-03,110.0
2015-08-04,109.0
2015-08-05,107.0
2015-08-06,106.0
2015-08-07,104.0
2015-08-08,102.0
2015-08-09,101.0
2015-08-10,100.0
2015-08-11,98.0
2015-08-12,98.0
2015-08-13,97.0
2015-08-14,96.0
2015-08-15,95.0
2015-08-16,92.0
2015-08-17,91.0
2015-08-18,90.0
2015-08-19,90.0
2015-08-20,91.0
2015-08-21,90.0
2015-08-22,89.0
2015-08-23,91.0
2015-08-24,94.0
2015-08-25,95.0
2015-08-26,101.0
2015-08-27,113.0
2015-08-28,109.0
2015-08-29,106.0
2015-08-30,100.0
2015-08-31,95.0
2015-09-01,88.0
2015-09-02,83.0
2015-09-03,95.0
2015-09-04,117.0
2015-09-05,116.0
2015-09-06,118.0
2015-09-07,116.0
2015-09-08,137.0
2015-09-09,151.0
2015-09-10,143.0
2015-09-11,153.0
2015-09-12,151.0
2015-09-13,148.0
2015-09-14,138.0
2015-09-15,125.0
2015-09-16,113.0
2015-09-17,104.0
2015-09-18,98.0
2015-09-19,97.0
2015-09-20,93.0
2015-09-21,90.0
2015-09-22,89.0
2015-09-23,87.0
2015-09-24,84.0
2015-09-25,83.0
2015-09-26,84.0
2015-09-27,100.0
2015-09-28,114.0
2015-09-29,117.0
2015-09-30,120.0
2015-10-01,118.0
2015-10-02,111.0
2015-10-03,140.0
2015-10-04,127.0
2015-10-05,122.0
2015-10-06,118.0
2015-10-07,107.0
2015-10-08,101.0
2015-10-09,149.0
2015-10-10,144.0
2015-10-11,141.0
2015-10-12,188.0
2015-10-13,179.0
2015-10-14,176.0
2015-10-15,167.0
2015-10-16,157.0
2015-10-17,143.0
2015-10-18,130.0
2015-10-19,116.0
2015-10-20,112.0
2015-10-21,140.0
2015-10-22,185.0
2015-10-23,212.0
2015-10-24,220.0
2015-10-25,221.0
2015-10-26,193.0
2015-10-27,173.0
2015-10-28,158.0
2015-10-29,151.0
2015-10-30,150.0
2015-10-31,148.0
2015-11-01,165.0
2015-11-02,209.0
2015-11-03,195.0
2015-11-04,186.0
2015-11-05,182.0
2015-11-06,204.0
2015-11-07,197.0
2015-11-08,196.0
2015-11-09,188.0
2015-11-10,179.0
2015-11-11,182.0
2015-11-12,171.0
2015-11-13,161.0
2015-11-14,156.0
2015-11-15,157.0
2015-11-16,158.0
2015-11-17,153.0
2015-11-18,146.0
2015-11-19,143.0
2015-11-20,161.0
2015-11-21,156.0
2015-11-22,160.0
2015-11-23,188.0
2015-11-24,198.0
2015-11-25,222.0
2015-11-26,218.0
2015-11-27,201.0
2015-11-28,184.0
2015-11-29,177.0
2015-11-30,186.0
2015-12-01,183.0
2015-12-02,177.0
2015-12-03,190.0
2015-12-04,193.0
2015-12-05,200.0
2015-12-06,219.0
2015-12-07,209.0
2015-12-08,200.0
2015-12-09,191.0
2015-12-10,188.0
2015-12-11,177.0
2015-12-12,167.0
2015-12-13,160.0
2015-12-14,151.0
2015-12-15,147.0
2015-12-16,142.0
2015-12-17,140.0
2015-12-18,137.0
2015-12-19,154.0
2015-12-20,231.0
2015-12-21,237.0
2015-12-22,235.0
2015-12-23,205.0
2015-12-24,185.0
2015-12-25,195.0
2015-12-26,227.0
2015-12-27,246.0
2015-12-28,265.0
2015-12-29,255.0
2015-12-30,239.0
2015-12-31,213.0
2016-01-01,203.0
2016-01-02,206.0
2016-01-03,202.0
2016-01-04,192.0
2016-01-05,187.0
2016-01-06,187.0
2016-01-07,184.0
2016-01-08,177.0
2016-01-09,166.0
2016-01-10,210.0
2016-01-11,233.0
2016-01-12,266.0
2016-01-13,251.0
2016-01-14,222.0
2016-01-15,199.0
2016-01-16,181.0
2016-01-17,170.0
2016-01-18,160.0
2016-01-19,153.0
2016-01-20,147.0
2016-01-21,142.0
2016-01-22,137.0
2016-01-23,133.0
2016-01-24,128.0
2016-01-25,130.0
2016-01-26,137.0
2016-01-27,158.0
2016-01-28,175.0
2016-01-29,177.0
2016-01-30,196.0
2016-01-31,175.0
2016-02-01,168.0
2016-02-02,215.0
2016-02-03,210.0
2016-02-04,187.0
2016-02-05,223.0
2016-02-06,248.0
2016-02-07,216.0
2016-02-08,207.0
2016-02-09,182.0
2016-02-10,182.0
2016-02-11,216.0
2016-02-12,191.0
2016-02-13,190.0
2016-02-14,181.0
2016-02-15,178.0
2016-02-16,176.0
2016-02-17,179.0
2016-02-18,207.0
2016-02-19,217.0
2016-02-20,215.0
2016-02-21,188.0
2016-02-22,206.0
2016-02-23,203.0
2016-02-24,201.0
2016-02-25,200.0
2016-02-26,185.0
2016-02-27,167.0
2016-02-28,160.0
2016-02-29,158.0
2016-03-01,159.0
2016-03-02,149.0
2016-03-03,148.0
2016-03-04,145.0
2016-03-05,138.0
2016-03-06,133.0
2016-03-07,130.0
2016-03-08,127.0
2016-03-09,122.0
2016-03-10,142.0
2016-03-11,131.0
2016-03-12,123.0
2016-03-13,120.0
2016-03-14,115.0
2016-03-15,111.0
2016-03-16,108.0
2016-03-17,105.0
2016-03-18,100.0
2016-03-19,98.0
2016-03-20,104.0
2016-03-21,98.0
2016-03-22,98.0
2016-03-23,100.0
2016-03-24,98.0
2016-03-25,97.0
2016-03-26,95.0
2016-03-27,95.0
2016-03-28,91.0
2016-03-29,96.0
2016-03-30,97.0
2016-03-31,97.0
2016-04-01,102.0
2016-04-02,98.0
2016-04-03,97.0
2016-04-04,97.0
2016-04-05,99.0
2016-04-06,94.0
2016-04-07,90.0
2016-04-08,86.0
2016-04-09,87.0
2016-04-10,91.0
2016-04-11,93.0
2016-04-12,92.0
2016-04-13,83.0
2016-04-14,79.0
2016-04-15,77.0
2016-04-16,73.0
2016-04-17,83.0
2016-04-18,73.0
2016-04-19,72.0
2016-04-20,67.0
2016-04-21,66.0
2016-04-22,67.0
2016-04-23,85.0
2016-04-24,78.0
2016-04-25,70.0
2016-04-26,120.0
2016-04-27,116.0
2016-04-28,111.0
2016-04-29,95.0
2016-04-30,79.0
2016-05-01,68.0
2016-05-02,68.0
2016-05-03,63.0
2016-05-04,63.0
2016-05-05,66.0
2016-05-06,66.0
2016-05-07,70.0
2016-05-08,75.0
2016-05-09,71.0
2016-05-10,78.0
2016-05-11,79.0
2016-05-12,84.0
2016-05-13,82.0
2016-05-14,83.0
2016-05-15,74.0
2016-05-16,104.0
2016-05-17,97.0
2016-05-18,91.0
2016-05-19,74.0
2016-05-20,85.0
2016-05-21,145.0
2016-05-22,168.0
2016-05-23,189.0
2016-05-24,179.0
2016-05-25,178.0
2016-05-26,161.0
2016-05-27,141.0
2016-05-28,115.0
2016-05-29,102.0
2016-05-30,98.0
2016-05-31,96.0
2016-06-01,91.0
2016-06-02,176.0
2016-06-03,166.0
2016-06-04,151.0
2016-06-05,150.0
2016-06-06,144.0
2016-06-07,117.0
2016-06-08,105.0
2016-06-09,94.0
2016-06-10,89.0
2016-06-11,86.0
2016-06-12,84.0
2016-06-13,82.0
2016-06-14,80.0
2016-06-15,79.0
2016-06-16,79.0
2016-06-17,78.0
2016-06-18,97.0
2016-06-19,106.0
2016-06-20,107.0
2016-06-21,128.0
2016-06-22,172.0
2016-06-23,189.0
2016-06-24,197.0
2016-06-25,190.0
2016-06-26,161.0
2016-06-27,148.0
2016-06-28,102.0
2016-06-29,98.0
2016-06-30,91.0
2016-07-01,89.0
2016-07-02,87.0
2016-07-03,85.0
2016-07-04,84.0
2016-07-05,83.0
2016-07-06,81.0
2016-07-07,81.0
2016-07-08,79.0
2016-07-09,78.0
2016-07-10,76.0
2016-07-11,75.0
2016-07-12,74.0
2016-07-13,153.0
2016-07-14,148.0
2016-07-15,139.0
2016-07-16,174.0
2016-07-17,167.0
2016-07-18,159.0
2016-07-19,170.0
2016-07-20,147.0
2016-07-21,111.0
2016-07-22,95.0
2016-07-23,97.0
2016-07-24,98.0
2016-07-25,94.0
2016-07-26,86.0
2016-07-27,82.0
2016-07-28,80.0
2016-07-29,79.0
2016-07-30,79.0
2016-07-31,81.0
2016-08-01,78.0
2016-08-02,75.0
2016-08-03,73.0
2016-08-04,73.0
2016-08-05,74.0
2016-08-06,74.0
2016-08-07,74.0
2016-08-08,83.0
2016-08-09,90.0
2016-08-10,85.0
2016-08-11,81.0
2016-08-12,80.0
2016-08-13,78.0
2016-08-14,78.0
2016-08-15,78.0
2016-08-16,78.0
2016-08-17,86.0
2016-08-18,119.0
2016-08-19,120.0
2016-08-20,176.0
2016-08-21,226.0
2016-08-22,237.0
2016-08-23,230.0
2016-08-24,202.0
2016-08-25,170.0
2016-08-26,138.0
2016-08-27,107.0
2016-08-28,98.0
2016-08-29,94.0
2016-08-30,91.0
2016-08-31,95.0
2016-09-01,91.0
2016-09-02,87.0
2016-09-03,106.0
2016-09-04,195.0
2016-09-05,194.0
2016-09-06,222.0
2016-09-07,191.0
2016-09-08,169.0
2016-09-09,135.0
2016-09-10,110.0
2016-09-11,99.0
2016-09-12,94.0
2016-09-13,93.0
2016-09-14,90.0
2016-09-15,87.0
2016-09-16,84.0
2016-09-17,83.0
2016-09-18,84.0
2016-09-19,84.0
2016-09-20,84.0
2016-09-21,83.0
2016-09-22,81.0
2016-09-23,80.0
2016-09-24,78.0
2016-09-25,78.0
2016-09-26,78.0
2016-09-27,76.0
2016-09-28,72.0
2016-09-29,70.0
2016-09-30,67.0
2016-10-01,66.0
2016-10-02,65.0
2016-10-03,83.0
2016-10-04,97.0
2016-10-05,91.0
2016-10-06,87.0
2016-10-07,93.0
2016-10-08,99.0
2016-10-09,108.0
2016-10-10,102.0
2016-10-11,88.0
2016-10-12,83.0
2016-10-13,112.0
2016-10-14,115.0
2016-10-15,109.0
2016-10-16,107.0
2016-10-17,100.0
2016-10-18,109.0
2016-10-19,127.0
2016-10-20,120.0
2016-10-21,213.0
2016-10-22,207.0
2016-10-23,204.0
2016-10-24,200.0
2016-10-25,150.0
2016-10-26,115.0
2016-10-27,107.0
2016-10-28,109.0
2016-10-29,107.0
2016-10-30,102.0
2016-10-31,95.0
2016-11-01,98.0
2016-11-02,95.0
2016-11-03,90.0
2016-11-04,89.0
2016-11-05,86.0
2016-11-06,85.0
2016-11-07,82.0
2016-11-08,81.0
2016-11-09,95.0
2016-11-10,117.0
2016-11-11,120.0
2016-11-12,115.0
2016-11-13,113.0
2016-11-14,109.0
2016-11-15,108.0
2016-11-16,106.0
2016-11-17,117.0
2016-11-18,100.0
2016-11-19,97.0
2016-11-20,91.0
2016-11-21,88.0
2016-11-22,85.0
2016-11-23,82.0
2016-11-24,80.0
2016-11-25,78.0
2016-11-26,77.0
2016-11-27,77.0
2016-11-28,79.0
2016-11-29,80.0
2016-11-30,79.0
2016-12-01,79.0
2016-12-02,79.0
2016-12-03,82.0
2016-12-04,95.0
2016-12-05,94.0
2016-12-06,91.0
2016-12-07,82.0
2016-12-08,81.0
2016-12-09,90.0
2016-12-10,107.0
2016-12-11,122.0
2016-12-12,174.0
2016-12-13,192.0
2016-12-14,185.0
2016-12-15,161.0
2016-12-16,137.0
2016-12-17,108.0
2016-12-18,105.0
2016-12-19,108.0
2016-12-20,121.0
2016-12-21,129.0
2016-12-22,126.0
2016-12-23,116.0
2016-12-24,106.0
2016-12-25,91.0
2016-12-26,89.0
2016-12-27,91.0
2016-12-28,94.0
2016-12-29,95.0
2016-12-30,97.0
2016-12-31,98.0
2017-01-01,110.0
2017-01-02,100.0
2017-01-03,101.0
2017-01-04,100.0
2017-01-05,115.0
2017-01-06,120.0
2017-01-07,120.0
2017-01-08,117.0
2017-01-09,113.0
2017-01-10,123.0
2017-01-11,145.0
2017-01-12,151.0
2017-01-13,159.0
2017-01-14,161.0
2017-01-15,151.0
2017-01-16,135.0
2017-01-17,130.0
2017-01-18,125.0
2017-01-19,124.0
2017-01-20,122.0
2017-01-21,118.0
2017-01-22,120.0
2017-01-23,117.0
2017-01-24,116.0
2017-01-25,178.0
2017-01-26,184.0
2017-01-27,186.0
2017-01-28,200.0
2017-01-29,178.0
2017-01-30,162.0
2017-01-31,156.0
2017-02-01,190.0
2017-02-02,167.0
2017-02-03,226.0
2017-02-04,220.0
2017-02-05,216.0
2017-02-06,195.0
2017-02-07,175.0
2017-02-08,157.0
2017-02-09,142.0
2017-02-10,132.0
2017-02-11,126.0
2017-02-12,159.0
2017-02-13,193.0
2017-02-14,188.0
2017-02-15,169.0
2017-02-16,164.0
2017-02-17,156.0
2017-02-18,142.0
2017-02-19,158.0
2017-02-20,157.0
2017-02-21,133.0
2017-02-22,114.0
2017-02-23,105.0
2017-02-24,110.0
2017-02-25,105.0
2017-02-26,102.0
2017-02-27,100.0
2017-02-28,97.0
2017-03-01,93.0
2017-03-02,95.0
2017-03-03,102.0
2017-03-04,106.0
2017-03-05,105.0
2017-03-06,94.0
2017-03-07,99.0
2017-03-08,93.0
2017-03-09,96.0
2017-03-10,96.0
2017-03-11,98.0
2017-03-12,98.0
2017-03-13,106.0
2017-03-14,103.0
2017-03-15,99.0
2017-03-16,100.0
2017-03-17,95.0
2017-03-18,95.0
2017-03-19,96.0
2017-03-20,100.0
2017-03-21,97.0
2017-03-22,100.0
2017-03-23,107.0
2017-03-24,107.0
2017-03-25,98.0
2017-03-26,102.0
2017-03-27,108.0
2017-03-28,99.0
2017-03-29,95.0
2017-03-30,100.0
2017-03-31,106.0
2017-04-01,110.0
2017-04-02,109.0
2017-04-03,102.0
2017-04-04,99.0
2017-04-05,91.0
2017-04-06,104.0
2017-04-07,122.0
2017-04-08,123.0
2017-04-09,127.0
2017-04-10,131.0
2017-04-11,122.0
2017-04-12,120.0
2017-04-13,126.0
2017-04-14,133.0
2017-04-15,139.0
2017-04-16,134.0
2017-04-17,107.0
2017-04-18,98.0
2017-04-19,95.0
2017-04-20,99.0
2017-04-21,106.0
2017-04-22,109.0
2017-04-23,115.0
2017-04-24,117.0
2017-04-25,99.0
2017-04-26,103.0
2017-04-27,107.0
2017-04-28,109.0
2017-04-29,99.0
2017-04-30,90.0
2017-05-01,88.0
2017-05-02,85.0
2017-05-03,83.0
2017-05-04,83.0
2017-05-05,88.0
2017-05-06,106.0
2017-05-07,114.0
2017-05-08,109.0
2017-05-09,90.0
2017-05-10,85.0
2017-05-11,84.0
2017-05-12,84.0
2017-05-13,84.0
2017-05-14,94.0
2017-05-15,94.0
2017-05-16,93.0
2017-05-17,83.0
2017-05-18,81.0
2017-05-19,145.0
2017-05-20,153.0
2017-05-21,189.0
2017-05-22,264.0
2017-05-23,236.0
2017-05-24,198.0
2017-05-25,174.0
2017-05-26,155.0
2017-05-27,140.0
2017-05-28,129.0
2017-05-29,123.0
2017-05-30,138.0
2017-05-31,132.0
2017-06-01,152.0
2017-06-02,142.0
2017-06-03,142.0
2017-06-04,149.0
2017-06-05,156.0
2017-06-06,192.0
2017-06-07,228.0
2017-06-08,228.0
2017-06-09,223.0
2017-06-10,191.0
2017-06-11,167.0
2017-06-12,151.0
2017-06-13,137.0
2017-06-14,124.0
2017-06-15,119.0
2017-06-16,115.0
2017-06-17,112.0
2017-06-18,108.0
2017-06-19,105.0
2017-06-20,129.0
2017-06-21,129.0
2017-06-22,128.0
2017-06-23,131.0
2017-06-24,132.0
2017-06-25,121.0
2017-06-26,112.0
2017-06-27,107.0
2017-06-28,103.0
2017-06-29,100.0
2017-06-30,99.0
2017-07-01,97.0
2017-07-02,96.0
2017-07-03,96.0
2017-07-04,98.0
2017-07-05,98.0
2017-07-06,102.0
2017-07-07,98.0
2017-07-08,92.0
2017-07-09,92.0
2017-07-10,94.0
2017-07-11,93.0
2017-07-12,89.0
2017-07-13,87.0
2017-07-14,86.0
2017-07-15,85.0
2017-07-16,84.0
2017-07-17,83.0
2017-07-18,86.0
2017-07-19,87.0
2017-07-20,85.0
2017-07-21,84.0
2017-07-22,81.0
2017-07-23,80.0
2017-07-24,80.0
2017-07-25,78.0
2017-07-26,76.0
2017-07-27,73.0
2017-07-28,73.0
2017-07-29,72.0
2017-07-30,73.0
2017-07-31,73.0
2017-08-01,72.0
2017-08-02,73.0
2017-08-03,79.0
2017-08-04,78.0
2017-08-05,80.0
2017-08-06,77.0
2017-08-07,74.0
2017-08-08,72.0
2017-08-09,69.0
2017-08-10,69.0
2017-08-11,69.0
2017-08-12,69.0
2017-08-13,69.0
2017-08-14,85.0
2017-08-15,93.0
2017-08-16,86.0
2017-08-17,83.0
2017-08-18,78.0
2017-08-19,78.0
2017-08-20,137.0
2017-08-21,151.0
2017-08-22,139.0
2017-08-23,135.0
2017-08-24,130.0
2017-08-25,98.0
2017-08-26,89.0
2017-08-27,83.0
2017-08-28,80.0
2017-08-29,77.0
2017-08-30,73.0
2017-08-31,73.0
2017-09-01,71.0
2017-09-02,75.0
2017-09-03,92.0
2017-09-04,84.0
2017-09-05,74.0
2017-09-06,70.0
2017-09-07,71.0
2017-09-08,71.0
2017-09-09,69.0
2017-09-10,67.0
2017-09-11,67.0
2017-09-12,66.0
2017-09-13,62.0
2017-09-14,61.0
2017-09-15,60.0
2017-09-16,59.0
2017-09-17,58.0
2017-09-18,57.0
2017-09-19,58.0
2017-09-20,62.0
2017-09-21,60.0
2017-09-22,58.0
2017-09-23,62.0
2017-09-24,63.0
2017-09-25,61.0
2017-09-26,58.0
2017-09-27,59.0
2017-09-28,59.0
2017-09-29,57.0
2017-09-30,90.0
2017-10-01,99.0
2017-10-02,120.0
2017-10-03,103.0
2017-10-04,95.0
2017-10-05,78.0
2017-10-06,68.0
2017-10-07,112.0
2017-10-08,138.0
2017-10-09,137.0
2017-10-10,134.0
2017-10-11,130.0
2017-10-12,161.0
2017-10-13,132.0
2017-10-14,141.0
2017-10-15,142.0
2017-10-16,134.0
2017-10-17,126.0
2017-10-18,124.0
2017-10-19,128.0
2017-10-20,126.0
2017-10-21,107.0
2017-10-22,109.0
2017-10-23,107.0
2017-10-24,98.0
2017-10-25,94.0
2017-10-26,122.0
2017-10-27,142.0
2017-10-28,141.0
2017-10-29,138.0
2017-10-30,146.0
2017-10-31,129.0
2017-11-01,127.0
2017-11-02,113.0
2017-11-03,100.0
2017-11-04,99.0
2017-11-05,107.0
2017-11-06,107.0
2017-11-07,102.0
2017-11-08,95.0
2017-11-09,99.0
2017-11-10,100.0
2017-11-11,121.0
2017-11-12,117.0
2017-11-13,112.0
2017-11-14,98.0
2017-11-15,80.0
2017-11-16,73.0
2017-11-17,77.0
2017-11-18,137.0
2017-11-19,129.0
2017-11-20,127.0
2017-11-21,117.0
2017-11-22,112.0
2017-11-23,115.0
2017-11-24,107.0
2017-11-25,100.0
2017-11-26,107.0
2017-11-27,97.0
2017-11-28,93.0
2017-11-29,87.0
2017-11-30,83.0
2017-12-01,91.0
2017-12-02,88.0
2017-12-03,89.0
2017-12-04,90.0
2017-12-05,89.0
2017-12-06,95.0
2017-12-07,98.0
2017-12-08,91.0
2017-12-09,88.0
2017-12-10,85.0
2017-12-11,84.0
2017-12-12,81.0
2017-12-13,80.0
2017-12-14,80.0
2017-12-15,171.0
2017-12-16,114.0
2017-12-17,108.0
2017-12-18,109.0
2017-12-19,116.0
2017-12-20,122.0
2017-12-21,115.0
2017-12-22,114.0
2017-12-23,118.0
2017-12-24,109.0
2017-12-25,159.0
2017-12-26,169.0
2017-12-27,167.0
2017-12-28,184.0
2017-12-29,196.0
2017-12-30,206.0
2017-12-31,196.0
2018-01-01,226.0
2018-01-02,220.0
2018-01-03,209.0
2018-01-04,197.0
2018-01-05,186.0
2018-01-06,162.0
2018-01-07,129.0
2018-01-08,122.0
2018-01-09,118.0
2018-01-10,125.0
2018-01-11,134.0
2018-01-12,146.0
2018-01-13,145.0
2018-01-14,143.0
2018-01-15,138.0
2018-01-16,131.0
2018-01-17,190.0
2018-01-18,185.0
2018-01-19,189.0
2018-01-20,224.0
2018-01-21,202.0
2018-01-22,198.0
2018-01-23,203.0
2018-01-24,202.0
2018-01-25,205.0
2018-01-26,214.0
2018-01-27,207.0
2018-01-28,197.0
2018-01-29,194.0
2018-01-30,211.0
2018-01-31,199.0
2018-02-01,202.0
2018-02-02,199.0
2018-02-03,190.0
2018-02-04,180.0
2018-02-05,169.0
2018-02-06,154.0
2018-02-07,140.0
2018-02-08,132.0
2018-02-09,123.0
2018-02-10,118.0
2018-02-11,118.0
2018-02-12,186.0
2018-02-13,204.0
2018-02-14,200.0
2018-02-15,222.0
2018-02-16,207.0
2018-02-17,192.0
2018-02-18,179.0
2018-02-19,164.0
2018-02-20,158.0
2018-02-21,147.0
2018-02-22,138.0
2018-02-23,129.0
2018-02-24,126.0
2018-02-25,124.0
2018-02-26,114.0
2018-02-27,111.0
2018-02-28,126.0
2018-03-01,146.0
2018-03-02,127.0
2018-03-03,118.0
2018-03-04,164.0
2018-03-05,157.0
2018-03-06,153.0
2018-03-07,174.0
2018-03-08,163.0
2018-03-09,141.0
2018-03-10,129.0
2018-03-11,138.0
2018-03-12,123.0
2018-03-13,115.0
2018-03-14,131.0
2018-03-15,183.0
2018-03-16,168.0
2018-03-17,161.0
2018-03-18,167.0
2018-03-19,161.0
2018-03-20,124.0
2018-03-21,155.0
2018-03-22,147.0
2018-03-23,153.0
2018-03-24,159.0
2018-03-25,152.0
2018-03-26,139.0
2018-03-27,161.0
2018-03-28,193.0
2018-03-29,204.0
2018-03-30,203.0
2018-03-31,187.0
2018-04-01,174.0
2018-04-02,167.0
2018-04-03,152.0
2018-04-04,133.0
2018-04-05,135.0
2018-04-06,125.0
2018-04-07,125.0
2018-04-08,125.0
2018-04-09,115.0
2018-04-10,110.0
2018-04-11,106.0
2018-04-12,102.0
2018-04-13,99.0
2018-04-14,98.0
2018-04-15,98.0
2018-04-16,103.0
2018-04-17,105.0
2018-04-18,111.0
2018-04-19,117.0
2018-04-20,114.0
2018-04-21,99.0
2018-04-22,96.0
2018-04-23,94.0
2018-04-24,94.0
2018-04-25,91.0
2018-04-26,90.0
2018-04-27,89.0
2018-04-28,88.0
2018-04-29,86.0
2018-04-30,85.0
2018-05-01,85.0
2018-05-02,85.0
2018-05-03,83.0
2018-05-04,88.0
2018-05-05,87.0
2018-05-06,84.0
2018-05-07,83.0
2018-05-08,85.0
2018-05-09,91.0
2018-05-10,103.0
2018-05-11,117.0
2018-05-12,116.0
2018-05-13,93.0
2018-05-14,87.0
2018-05-15,85.0
2018-05-16,84.0
2018-05-17,81.0
2018-05-18,82.0
2018-05-19,95.0
2018-05-20,94.0
2018-05-21,95.0
2018-05-22,85.0
2018-05-23,80.0
2018-05-24,78.0
2018-05-25,77.0
2018-05-26,78.0
2018-05-27,77.0
2018-05-28,77.0
2018-05-29,77.0
2018-05-30,78.0
2018-05-31,75.0
2018-06-01,73.0
2018-06-02,73.0
2018-06-03,86.0
2018-06-04,90.0
2018-06-05,96.0
2018-06-06,95.0
2018-06-07,116.0
2018-06-08,116.0
2018-06-09,118.0
2018-06-10,107.0
2018-06-11,90.0
2018-06-12,85.0
2018-06-13,88.0
2018-06-14,87.0
2018-06-15,88.0
2018-06-16,90.0
2018-06-17,96.0
2018-06-18,99.0
2018-06-19,92.0
2018-06-20,89.0
2018-06-21,85.0
2018-06-22,82.0
2018-06-23,79.0
2018-06-24,76.0
2018-06-25,75.0
2018-06-26,76.0
2018-06-27,89.0
2018-06-28,94.0
2018-06-29,96.0
2018-06-30,86.0
2018-07-01,80.0
2018-07-02,76.0
2018-07-03,75.0
2018-07-04,73.0
2018-07-05,73.0
2018-07-06,75.0
2018-07-07,72.0
2018-07-08,70.0
2018-07-09,69.0
2018-07-10,70.0
2018-07-11,68.0
2018-07-12,66.0
2018-07-13,66.0
2018-07-14,66.0
2018-07-15,65.0
2018-07-16,63.0
2018-07-17,59.0
2018-07-18,58.0
2018-07-19,58.0
2018-07-20,59.0
2018-07-21,60.0
2018-07-22,59.0
2018-07-23,60.0
2018-07-24,62.0
2018-07-25,65.0
2018-07-26,64.0
2018-07-27,65.0
2018-07-28,63.0
2018-07-29,63.0
2018-07-30,61.0
2018-07-31,61.0
2018-08-01,63.0
2018-08-02,67.0
2018-08-03,70.0
2018-08-04,80.0
2018-08-05,80.0
2018-08-06,71.0
2018-08-07,67.0
2018-08-08,64.0
2018-08-09,65.0
2018-08-10,64.0
2018-08-11,64.0
2018-08-12,62.0
2018-08-13,60.0
2018-08-14,60.0
2018-08-15,60.0
2018-08-16,59.0
2018-08-17,56.0
2018-08-18,58.0
2018-08-19,58.0
2018-08-20,59.0
2018-08-21,58.0
2018-08-22,61.0
2018-08-23,60.0
2018-08-24,65.0
2018-08-25,100.0
2018-08-26,100.0
2018-08-27,97.0
2018-08-28,74.0
2018-08-29,67.0
2018-08-30,63.0
2018-08-31,62.0
2018-09-01,61.0
2018-09-02,61.0
2018-09-03,72.0
2018-09-04,81.0
2018-09-05,85.0
2018-09-06,84.0
2018-09-07,75.0
2018-09-08,67.0
2018-09-09,65.0
2018-09-10,63.0
2018-09-11,62.0
2018-09-12,60.0
2018-09-13,62.0
2018-09-14,73.0
2018-09-15,91.0
2018-09-16,89.0
2018-09-17,93.0
2018-09-18,86.0
2018-09-19,75.0
2018-09-20,79.0
2018-09-21,76.0
2018-09-22,73.0
2018-09-23,69.0
2018-09-24,65.0
2018-09-25,66.0
2018-09-26,63.0
2018-09-27,84.0
2018-09-28,99.0
2018-09-29,107.0
2018-09-30,86.0
2018-10-01,97.0
2018-10-02,92.0
2018-10-03,122.0
2018-10-04,132.0
2018-10-05,129.0
2018-10-06,130.0
2018-10-07,142.0
2018-10-08,144.0
2018-10-09,139.0
2018-10-10,181.0
2018-10-11,186.0
2018-10-12,177.0
2018-10-13,163.0
2018-10-14,158.0
2018-10-15,161.0
2018-10-16,170.0
2018-10-17,168.0
2018-10-18,217.0
2018-10-19,230.0
2018-10-20,212.0
2018-10-21,195.0
2018-10-22,178.0
2018-10-23,158.0
2018-10-24,136.0
2018-10-25,134.0
2018-10-26,130.0
2018-10-27,140.0
2018-10-28,143.0
2018-10-29,169.0
2018-10-30,163.0
2018-10-31,144.0
2018-11-01,115.0
2018-11-02,106.0
2018-11-03,101.0
2018-11-04,102.0
2018-11-05,100.0
2018-11-06,97.0
2018-11-07,96.0
2018-11-08,94.0
2018-11-09,107.0
2018-11-10,122.0
2018-11-11,133.0
2018-11-12,224.0
2018-11-13,191.0
2018-11-14,165.0
2018-11-15,144.0
2018-11-16,114.0
2018-11-17,101.0
2018-11-18,96.0
2018-11-19,98.0
2018-11-20,98.0
2018-11-21,96.0
2018-11-22,94.0
2018-11-23,94.0
2018-11-24,99.0
2018-11-25,97.0
2018-11-26,88.0
2018-11-27,87.0
2018-11-28,87.0
2018-11-29,89.0
2018-11-30,89.0
2018-12-01,129.0
2018-12-02,119.0
2018-12-03,121.0
2018-12-04,128.0
2018-12-05,110.0
2018-12-06,96.0
2018-12-07,85.0
2018-12-08,82.0
2018-12-09,82.0
2018-12-10,79.0
2018-12-11,77.0
2018-12-12,74.0
2018-12-13,73.0
2018-12-14,71.0
2018-12-15,74.0
2018-12-16,83.0
2018-12-17,94.0
2018-12-18,112.0
2018-12-19,126.0
2018-12-20,115.0
2018-12-21,93.0
2018-12-22,86.0
2018-12-23,89.0
2018-12-24,85.0
2018-12-25,81.0
2018-12-26,82.0
2018-12-27,84.0
2018-12-28,91.0
2018-12-29,86.0
2018-12-30,78.0
2018-12-31,115.0
2019-01-01,81.0
2019-01-02,74.0
2019-01-03,68.0
2019-01-04,66.0
2019-01-05,70.0
2019-01-06,88.0
2019-01-07,86.0
2019-01-08,80.0
2019-01-09,97.0
2019-01-10,114.0
2019-01-11,119.0
2019-01-12,131.0
2019-01-13,122.0
2019-01-14,129.0
2019-01-15,113.0
2019-01-16,130.0
2019-01-17,129.0
2019-01-18,104.0
2019-01-19,121.0
2019-01-20,143.0
2019-01-21,167.0
2019-01-22,170.0
2019-01-23,171.0
2019-01-24,160.0
2019-01-25,136.0
2019-01-26,102.0
2019-01-27,91.0
2019-01-28,85.0
2019-01-29,81.0
2019-01-30,78.0
2019-01-31,73.0
2019-02-01,75.0
2019-02-02,73.0
2019-02-03,88.0
2019-02-04,91.0
2019-02-05,87.0
2019-02-06,79.0
2019-02-07,78.0
2019-02-08,76.0
2019-02-09,71.0
2019-02-10,67.0
2019-02-11,69.0
2019-02-12,78.0
2019-02-13,81.0
2019-02-14,81.0
2019-02-15,98.0
2019-02-16,145.0
2019-02-17,149.0
2019-02-18,154.0
2019-02-19,155.0
2019-02-20,175.0
2019-02-21,163.0
2019-02-22,147.0
2019-02-23,109.0
2019-02-24,96.0
2019-02-25,89.0
2019-02-26,104.0
2019-02-27,105.0
2019-02-28,120.0
2019-03-01,115.0
2019-03-02,109.0
2019-03-03,100.0
2019-03-04,90.0
2019-03-05,86.0
2019-03-06,86.0
2019-03-07,92.0
2019-03-08,90.0
2019-03-09,86.0
2019-03-10,93.0
2019-03-11,87.0
2019-03-12,81.0
2019-03-13,81.0
2019-03-14,86.0
2019-03-15,96.0
2019-03-16,93.0
2019-03-17,86.0
2019-03-18,100.0
2019-03-19,109.0
2019-03-20,95.0
2019-03-21,86.0
2019-03-22,81.0
2019-03-23,81.0
2019-03-24,88.0
2019-03-25,93.0
2019-03-26,80.0
2019-03-27,75.0
2019-03-28,75.0
2019-03-29,77.0
2019-03-30,84.0
2019-03-31,89.0
2019-04-01,94.0
2019-04-02,80.0
2019-04-03,73.0
2019-04-04,72.0
2019-04-05,73.0
2019-04-06,74.0
2019-04-07,80.0
2019-04-08,162.0
2019-04-09,151.0
2019-04-10,144.0
2019-04-11,148.0
2019-04-12,149.0
2019-04-13,103.0
2019-04-14,94.0
2019-04-15,86.0
2019-04-16,83.0
2019-04-17,84.0
2019-04-18,81.0
2019-04-19,78.0
2019-04-20,74.0
2019-04-21,79.0
2019-04-22,126.0
2019-04-23,131.0
2019-04-24,129.0
2019-04-25,125.0
2019-04-26,108.0
2019-04-27,94.0
2019-04-28,96.0
2019-04-29,104.0
2019-04-30,109.0
2019-05-01,107.0
2019-05-02,93.0
2019-05-03,87.0
2019-05-04,83.0
2019-05-05,80.0
2019-05-06,79.0
2019-05-07,78.0
2019-05-08,85.0
2019-05-09,90.0
2019-05-10,89.0
2019-05-11,89.0
2019-05-12,93.0
2019-05-13,90.0
2019-05-14,87.0
2019-05-15,87.0
2019-05-16,90.0
2019-05-17,108.0
2019-05-18,119.0
2019-05-19,127.0
2019-05-20,135.0
2019-05-21,137.0
2019-05-22,131.0
2019-05-23,126.0
2019-05-24,179.0
2019-05-25,171.0
2019-05-26,162.0
2019-05-27,174.0
2019-05-28,180.0
2019-05-29,189.0
2019-05-30,192.0
2019-05-31,234.0
2019-06-01,260.0
2019-06-02,259.0
2019-06-03,247.0
2019-06-04,223.0
2019-06-05,206.0
2019-06-06,193.0
2019-06-07,179.0
2019-06-08,164.0
2019-06-09,152.0
2019-06-10,140.0
2019-06-11,132.0
2019-06-12,125.0
2019-06-13,120.0
2019-06-14,115.0
2019-06-15,112.0
2019-06-16,108.0
2019-06-17,105.0
2019-06-18,104.0
2019-06-19,103.0
2019-06-20,101.0
2019-06-21,100.0
2019-06-22,99.0
2019-06-23,99.0
2019-06-24,97.0
2019-06-25,94.0
2019-06-26,94.0
2019-06-27,180.0
2019-06-28,164.0
2019-06-29,156.0
2019-06-30,165.0
2019-07-01,160.0
2019-07-02,120.0
2019-07-03,105.0
2019-07-04,104.0
2019-07-05,104.0
2019-07-06,103.0
2019-07-07,100.0
2019-07-08,95.0
2019-07-09,91.0
2019-07-10,90.0
2019-07-11,89.0
2019-07-12,88.0
2019-07-13,86.0
2019-07-14,84.0
2019-07-15,85.0
2019-07-16,86.0
2019-07-17,87.0
2019-07-18,84.0
2019-07-19,85.0
2019-07-20,91.0
2019-07-21,91.0
2019-07-22,87.0
2019-07-23,83.0
2019-07-24,82.0
2019-07-25,81.0
2019-07-26,80.0
2019-07-27,81.0
2019-07-28,79.0
2019-07-29,79.0
2019-07-30,81.0
2019-07-31,81.0
2019-08-01,79.0
2019-08-02,78.0
2019-08-03,80.0
2019-08-04,84.0
2019-08-05,81.0
2019-08-06,79.0
2019-08-07,77.0
2019-08-08,77.0
2019-08-09,78.0
2019-08-10,75.0
2019-08-11,74.0
2019-08-12,73.0
2019-08-13,72.0
2019-08-14,73.0
2019-08-15,74.0
2019-08-16,76.0
2019-08-17,74.0
2019-08-18,73.0
2019-08-19,96.0
2019-08-20,117.0
2019-08-21,121.0
2019-08-22,124.0
2019-08-23,104.0
2019-08-24,90.0
2019-08-25,85.0
2019-08-26,81.0
2019-08-27,78.0
2019-08-28,78.0
2019-08-29,79.0
2019-08-30,76.0
2019-08-31,76.0
2019-09-01,113.0
2019-09-02,156.0
2019-09-03,144.0
2019-09-04,138.0
2019-09-05,138.0
2019-09-06,110.0
2019-09-07,107.0
2019-09-08,105.0
2019-09-09,97.0
2019-09-10,89.0
2019-09-11,84.0
2019-09-12,81.0
2019-09-13,80.0
2019-09-14,79.0
2019-09-15,82.0
2019-09-16,88.0
2019-09-17,84.0
2019-09-18,79.0
2019-09-19,126.0
2019-09-20,179.0
2019-09-21,178.0
2019-09-22,178.0
2019-09-23,196.0
2019-09-24,179.0
2019-09-25,157.0
2019-09-26,126.0
2019-09-27,118.0
2019-09-28,116.0
2019-09-29,106.0
2019-09-30,97.0
2019-10-01,92.0
2019-10-02,90.0
2019-10-03,86.0
2019-10-04,84.0
2019-10-05,82.0
2019-10-06,96.0
2019-10-07,129.0
2019-10-08,126.0
2019-10-09,123.0
2019-10-10,116.0
2019-10-11,98.0
2019-10-12,90.0
2019-10-13,87.0
2019-10-14,85.0
2019-10-15,125.0
2019-10-16,114.0
2019-10-17,107.0
2019-10-18,98.0
2019-10-19,115.0
2019-10-20,122.0
2019-10-21,216.0
2019-10-22,202.0
2019-10-23,170.0
2019-10-24,137.0
2019-10-25,111.0
2019-10-26,119.0
2019-10-27,103.0
2019-10-28,147.0
2019-10-29,123.0
2019-10-30,119.0
2019-10-31,112.0
2019-11-01,100.0
2019-11-02,95.0
2019-11-03,96.0
2019-11-04,102.0
2019-11-05,100.0
2019-11-06,100.0
2019-11-07,103.0
2019-11-08,105.0
2019-11-09,101.0
2019-11-10,125.0
2019-11-11,130.0
2019-11-12,135.0
2019-11-13,150.0
2019-11-14,173.0
2019-11-15,179.0
2019-11-16,174.0
2019-11-17,159.0
2019-11-18,145.0
2019-11-19,126.0
2019-11-20,113.0
2019-11-21,107.0
2019-11-22,103.0
2019-11-23,102.0
2019-11-24,104.0
2019-11-25,102.0
2019-11-26,101.0
2019-11-27,130.0
2019-11-28,141.0
2019-11-29,137.0
2019-11-30,143.0
2019-12-01,146.0
2019-12-02,138.0
2019-12-03,119.0
2019-12-04,114.0
2019-12-05,114.0
2019-12-06,121.0
2019-12-07,115.0
2019-12-08,110.0
2019-12-09,105.0
2019-12-10,103.0
2019-12-11,100.0
2019-12-12,98.0
2019-12-13,97.0
2019-12-14,95.0
2019-12-15,95.0
2019-12-16,102.0
2019-12-17,107.0
2019-12-18,106.0
2019-12-19,105.0
2019-12-20,105.0
2019-12-21,115.0
2019-12-22,126.0
2019-12-23,130.0
2019-12-24,120.0
2019-12-25,106.0
2019-12-26,98.0
2019-12-27,94.0
2019-12-28,91.0
2019-12-29,88.0
2019-12-30,85.0
2019-12-31,84.0
2020-01-01,82.0
2020-01-02,102.0
2020-01-03,95.0
2020-01-04,96.0
2020-01-05,95.0
2020-01-06,99.0
2020-01-07,107.0
2020-01-08,97.0
2020-01-09,89.0
2020-01-10,87.0
2020-01-11,104.0
2020-01-12,95.0
2020-01-13,96.0
2020-01-14,96.0
2020-01-15,88.0
2020-01-16,89.0
2020-01-17,107.0
2020-01-18,100.0
2020-01-19,108.0
2020-01-20,100.0
2020-01-21,95.0
2020-01-22,102.0
2020-01-23,98.0
2020-01-24,90.0
2020-01-25,94.0
2020-01-26,92.0
2020-01-27,87.0
2020-01-28,80.0
2020-01-29,79.0
2020-01-30,77.0
2020-01-31,77.0
2020-02-01,74.0
2020-02-02,76.0
2020-02-03,81.0
2020-02-04,86.0
2020-02-05,98.0
2020-02-06,91.0
2020-02-07,104.0
2020-02-08,117.0
2020-02-09,124.0
2020-02-10,172.0
2020-02-11,212.0
2020-02-12,200.0
2020-02-13,187.0
2020-02-14,170.0
2020-02-15,141.0
2020-02-16,114.0
2020-02-17,103.0
2020-02-18,96.0
2020-02-19,95.0
2020-02-20,93.0
2020-02-21,91.0
2020-02-22,89.0
2020-02-23,93.0
2020-02-24,94.0
2020-02-25,92.0
2020-02-26,107.0
2020-02-27,124.0
2020-02-28,120.0
2020-02-29,119.0
2020-03-01,107.0
2020-03-02,97.0
2020-03-03,99.0
2020-03-04,107.0
2020-03-05,115.0
2020-03-06,115.0
2020-03-07,99.0
2020-03-08,92.0
2020-03-09,89.0
2020-03-10,86.0
2020-03-11,83.0
2020-03-12,81.0
2020-03-13,78.0
2020-03-14,74.0
2020-03-15,76.0
2020-03-16,91.0
2020-03-17,106.0
2020-03-18,92.0
2020-03-19,91.0
2020-03-20,92.0
2020-03-21,108.0
2020-03-22,105.0
2020-03-23,90.0
2020-03-24,85.0
2020-03-25,87.0
2020-03-26,101.0
2020-03-27,96.0
2020-03-28,84.0
2020-03-29,79.0
2020-03-30,78.0
2020-03-31,77.0
2020-04-01,75.0
2020-04-02,74.0
2020-04-03,71.0
2020-04-04,70.0
2020-04-05,66.0
2020-04-06,64.0
2020-04-07,80.0
2020-04-08,79.0
2020-04-09,78.0
2020-04-10,74.0
2020-04-11,70.0
2020-04-12,66.0
2020-04-13,66.0
2020-04-14,67.0
2020-04-15,65.0
2020-04-16,65.0
2020-04-17,63.0
2020-04-18,62.0
2020-04-19,59.0
2020-04-20,62.0
2020-04-21,63.0
2020-04-22,63.0
2020-04-23,63.0
2020-04-24,65.0
2020-04-25,62.0
2020-04-26,64.0
2020-04-27,63.0
2020-04-28,60.0
2020-04-29,60.0
2020-04-30,61.0
2020-05-01,62.0
2020-05-02,57.0
2020-05-03,57.0
2020-05-04,60.0
2020-05-05,58.0
2020-05-06,58.0
2020-05-07,54.0
2020-05-08,56.0
2020-05-09,58.0
2020-05-10,55.0
2020-05-11,57.0
2020-05-12,63.0
2020-05-13,58.0
2020-05-14,54.38
2020-05-15,55.74
2020-05-16,56.19
2020-05-17,56.77
2020-05-18,58.54
2020-05-19,58.34
2020-05-20,59.71
2020-05-21,59.29
2020-05-22,60.5
2020-05-23,60.74
2020-05-24,58.11
2020-05-25,57.71
2020-05-26,55.75
2020-05-27,54.06
2020-05-28,54.65
2020-05-29,53.88
2020-05-30,54.85
2020-05-31,54.0
